iso,unix,lat,lon,alt_msl,rel_alt,roll,pitch,yaw,heading,vx,vy,vz,vbatt,batt_pct,mode,armed,in_air
2026-08-24T13:59:30,1787554770,13.822778,100.511604,19.5,-1.1,-1.5,-3.7,-133.4,226.6,0.0,0.0,0.1,,,POSCTL,0,0
2026-08-24T13:59:31,1787554771,13.822778,100.511604,19.5,-1.1,-1.5,-3.7,-133.4,226.6,0.0,0.0,0.1,24.98,97,POSCTL,0,0
2026-08-24T13:59:32,1787554772,13.822778,100.511604,19.5,-1.1,-1.5,-3.7,-133.4,226.6,0.0,0.0,0.1,24.98,97,POSCTL,0,0
2026-08-24T13:59:33,1787554773,13.822779,100.511604,19.5,-1.1,-1.5,-3.7,-133.4,226.6,0.0,0.0,0.1,24.98,97,POSCTL,0,0
2026-08-24T13:59:34,1787554774,13.822779,100.511604,19.5,-1.1,-1.5,-3.7,-133.4,226.6,0.0,0.0,0.1,24.97,97,POSCTL,0,0
2026-08-24T13:59:35,1787554775,13.822779,100.511604,19.5,-1.1,-1.4,-3.7,-132.6,227.4,0.0,0.0,0.1,24.97,97,POSCTL,0,0
2026-08-24T13:59:36,1787554776,13.822779,100.511604,19.4,-0.01,-1.4,-3.7,-132.6,227.4,0.0,0.0,0.04,24.97,97,POSCTL,0,0
2026-08-24T13:59:37,1787554777,13.822779,100.511604,19.4,-0.01,-1.4,-3.7,-132.3,227.7,0.0,0.0,0.04,24.97,97,POSCTL,0,0
2026-08-24T13:59:38,1787554778,13.82278,100.511604,19.4,-0.01,-1.4,-3.7,-132.3,227.7,0.0,0.0,0.04,24.97,97,POSCTL,0,0
2026-08-24T13:59:39,1787554779,13.82278,100.511604,19.4,-0.01,-1.4,-3.7,-132.3,227.7,0.0,0.0,0.04,24.97,97,POSCTL,0,0
2026-08-24T13:59:40,1787554780,13.82278,100.511604,19.4,-0.02,-1.4,-3.7,-132.3,227.7,0.0,0.0,0.03,24.97,97,POSCTL,0,0
2026-08-24T13:59:41,1787554781,13.82278,100.511604,19.4,-0.02,-1.4,-3.7,-132.3,227.7,0.0,0.0,0.03,24.97,97,POSCTL,0,0
2026-08-24T13:59:42,1787554782,13.822781,100.511605,19.4,-0.02,-1.4,-3.7,-131.9,228.1,0.0,0.0,0.03,24.97,97,POSCTL,0,0
2026-08-24T13:59:43,1787554783,13.822781,100.511605,19.4,-0.02,-1.4,-3.7,-131.9,228.1,0.0,0.0,0.03,24.97,97,POSCTL,0,0
2026-08-24T13:59:44,1787554784,13.82278,100.511604,19.3,-0.08,-1.4,-3.7,-131.7,228.3,-0.02,0.0,0.07,24.97,97,POSCTL,0,0
2026-08-24T13:59:45,1787554785,13.82278,100.511604,19.3,-0.08,-1.4,-3.7,-131.7,228.3,-0.02,0.0,0.07,24.97,97,POSCTL,0,0
2026-08-24T13:59:46,1787554786,13.82278,100.511606,19.3,-0.08,-1.4,-3.7,-131.5,228.5,-0.02,0.0,0.07,24.97,97,POSCTL,0,0
2026-08-24T13:59:47,1787554787,13.82278,100.511606,19.3,-0.08,-1.4,-3.7,-131.5,228.5,-0.02,0.0,0.07,24.97,97,POSCTL,0,0
2026-08-24T13:59:48,1787554788,13.82278,100.511606,19.3,-0.08,-1.4,-3.7,-131.3,228.7,-0.02,0.0,0.07,24.97,97,POSCTL,0,0
2026-08-24T13:59:49,1787554789,13.82278,100.511606,19.3,-0.08,-1.4,-3.7,-131.3,228.7,-0.02,0.0,0.07,24.97,97,POSCTL,0,0
2026-08-24T13:59:50,1787554790,13.82278,100.511606,19.3,-0.08,-1.3,-3.6,-131.1,228.9,-0.02,0.0,0.07,24.97,97,POSCTL,0,0
2026-08-24T13:59:51,1787554791,13.82278,100.511606,19.3,-0.08,-1.3,-3.6,-131.1,228.9,-0.02,0.0,0.07,24.97,97,POSCTL,0,0
2026-08-24T13:59:52,1787554792,13.822781,100.511608,19.5,0.09,-1.4,-3.6,-130.9,229.1,0.05,0.04,0.04,24.97,97,POSCTL,0,0
2026-08-24T13:59:53,1787554793,13.822781,100.511608,19.5,0.09,-1.4,-3.6,-130.9,229.1,0.05,0.04,0.04,24.97,97,POSCTL,0,0
2026-08-24T13:59:54,1787554794,13.822779,100.511607,19.5,0.09,-1.4,-3.6,-130.9,229.1,0.05,0.04,0.04,24.97,97,POSCTL,0,0
2026-08-24T13:59:55,1787554795,13.822779,100.511607,19.5,0.09,-1.4,-3.6,-130.9,229.1,0.05,0.04,0.04,24.97,97,POSCTL,0,0
2026-08-24T13:59:56,1787554796,13.822779,100.511607,19.5,0.09,-1.4,-3.8,-130.6,229.4,0.05,0.04,0.04,24.97,97,POSCTL,0,0
2026-08-24T13:59:57,1787554797,13.822779,100.511607,19.5,0.09,-1.4,-3.8,-130.6,229.4,0.05,0.04,0.04,24.97,97,POSCTL,0,0
2026-08-24T13:59:58,1787554798,13.822779,100.511607,19.5,0.09,-1.4,-3.8,-130.6,229.4,0.05,0.04,0.04,24.97,97,POSCTL,0,0
2026-08-24T13:59:59,1787554799,13.822779,100.511607,19.5,0.09,-1.4,-3.8,-130.6,229.4,0.05,0.04,0.04,24.97,97,POSCTL,0,0
2026-08-24T14:00:00,1787554800,13.822779,100.511607,19.5,0.09,-1.4,-3.8,-130.6,229.4,0.05,0.04,0.04,24.97,97,POSCTL,0,0
2026-08-24T14:00:01,1787554801,13.822779,100.511607,19.5,0.09,-1.4,-3.8,-130.6,229.4,0.05,0.04,0.04,24.97,97,POSCTL,0,0
2026-08-24T14:00:02,1787554802,13.822779,100.511607,19.5,0.09,-1.4,-3.8,-130.6,229.4,0.05,0.04,0.04,24.97,97,POSCTL,0,0
2026-08-24T14:00:03,1787554803,13.822779,100.511607,19.5,0.09,-1.4,-3.8,-130.6,229.4,0.05,0.04,0.04,24.97,97,POSCTL,0,0
2026-08-24T14:00:04,1787554804,13.822779,100.511607,19.5,0.09,-1.4,-3.5,-130.1,229.9,0.05,0.04,0.04,24.97,97,POSCTL,0,0
2026-08-24T14:00:05,1787554805,13.822778,100.511605,19.7,0.31,-1.5,-3.4,-129.9,230.1,0.04,0.03,0.11,24.97,97,POSCTL,0,0
2026-08-24T14:00:06,1787554806,13.822778,100.51161,19.7,0.31,-1.5,-3.4,-129.9,230.1,0.04,0.03,0.11,24.97,97,POSCTL,0,0
2026-08-24T14:00:07,1787554807,13.822778,100.51161,19.7,0.31,-1.6,-3.5,-129.8,230.2,0.04,0.03,0.11,24.97,97,POSCTL,0,0
2026-08-24T14:00:08,1787554808,13.822778,100.51161,19.7,0.31,-1.6,-3.5,-129.8,230.2,0.04,0.03,0.11,24.97,97,POSCTL,0,0
2026-08-24T14:00:09,1787554809,13.822778,100.51161,19.7,0.31,-1.6,-3.5,-129.8,230.2,0.04,0.03,0.11,24.97,97,POSCTL,0,0
2026-08-24T14:00:10,1787554810,13.822778,100.51161,19.7,0.31,-1.6,-3.5,-129.8,230.2,0.04,0.03,0.11,24.97,97,POSCTL,0,0
2026-08-24T14:00:11,1787554811,13.822778,100.51161,19.7,0.31,-1.6,-3.5,-129.8,230.2,0.04,0.03,0.11,24.97,97,POSCTL,0,0
2026-08-24T14:00:12,1787554812,13.822778,100.51161,19.7,0.31,-1.6,-2.7,-129.6,230.4,0.04,0.03,0.11,24.97,97,POSCTL,0,0
2026-08-24T14:00:13,1787554813,13.822778,100.51161,19.7,0.31,-1.6,-2.7,-129.6,230.4,0.04,0.03,0.11,24.97,97,POSCTL,0,0
2026-08-24T14:00:14,1787554814,13.822784,100.511603,19.9,0.56,-1.6,-2.7,-129.6,230.4,0.03,-0.15,0.04,24.97,97,POSCTL,0,0
2026-08-24T14:00:15,1787554815,13.822784,100.511603,19.9,0.56,-1.5,-3.3,-129.2,230.8,0.03,-0.15,0.04,24.97,97,POSCTL,0,0
2026-08-24T14:00:16,1787554816,13.822784,100.511603,19.9,0.56,-1.5,-3.3,-129.2,230.8,0.03,-0.15,0.04,24.97,97,POSCTL,0,0
2026-08-24T14:00:17,1787554817,13.822789,100.511598,20.0,0.64,-1.5,-3.2,-128.9,231.1,0.05,-0.2,0.04,24.97,97,POSCTL,0,0
2026-08-24T14:00:18,1787554818,13.822789,100.511598,20.0,0.64,-1.5,-3.2,-128.9,231.1,0.05,-0.2,0.04,24.97,97,POSCTL,0,0
2026-08-24T14:00:19,1787554819,13.822789,100.511598,20.0,0.64,-1.5,-3.2,-128.9,231.1,0.05,-0.2,0.04,24.97,97,POSCTL,0,0
2026-08-24T14:00:20,1787554820,13.822789,100.511598,20.0,0.64,-1.5,-3.2,-128.9,231.1,0.05,-0.2,0.04,24.97,97,POSCTL,0,0
2026-08-24T14:00:23,1787554823,13.822789,100.511598,20.0,0.64,-1.5,-3.2,-128.9,231.1,0.05,-0.2,0.04,24.97,97,POSCTL,0,0
2026-08-24T14:00:24,1787554824,13.822789,100.511598,20.0,0.64,-1.5,-3.2,-128.9,231.1,0.05,-0.2,0.04,24.96,97,POSCTL,0,0
2026-08-24T14:00:25,1787554825,13.822791,100.511588,20.7,0.71,-1.8,-3.5,-128.1,231.9,-0.03,-0.01,-0.02,24.96,97,POSCTL,0,0
2026-08-24T14:00:26,1787554826,13.822791,100.511588,20.7,0.71,-1.8,-3.5,-128.1,231.9,-0.03,-0.01,-0.02,24.96,97,POSCTL,0,0
2026-08-24T14:00:27,1787554827,13.822791,100.511588,20.7,0.71,-1.7,-3.7,-128.0,232.0,-0.03,-0.01,-0.02,24.96,97,POSCTL,0,0
2026-08-24T14:00:28,1787554828,13.822791,100.511588,20.7,0.71,-1.7,-3.7,-128.0,232.0,-0.03,-0.01,-0.02,24.96,97,POSCTL,0,0
2026-08-24T14:00:29,1787554829,13.822791,100.511588,20.7,0.71,-1.7,-3.7,-128.0,232.0,-0.03,-0.01,-0.02,24.96,97,POSCTL,0,0
2026-08-24T14:00:30,1787554830,13.822791,100.511588,20.7,0.71,-1.7,-3.7,-128.0,232.0,-0.03,-0.01,-0.02,24.96,97,POSCTL,0,0
2026-08-24T14:00:31,1787554831,13.822791,100.511588,20.7,0.71,-1.6,-3.6,-127.6,232.4,-0.03,-0.01,-0.02,24.96,97,POSCTL,0,0
2026-08-24T14:00:32,1787554832,13.822791,100.511588,20.7,0.71,-1.6,-3.6,-127.6,232.4,-0.03,-0.01,-0.02,24.96,97,POSCTL,0,0
2026-08-24T14:00:33,1787554833,13.822789,100.511592,20.4,-0.27,-1.6,-3.6,-127.6,232.4,-0.02,0.17,0.02,24.96,97,POSCTL,0,0
2026-08-24T14:00:34,1787554834,13.822789,100.511592,20.4,-0.27,-1.5,-2.5,-127.7,232.3,-0.02,0.17,0.02,24.96,97,POSCTL,0,0
2026-08-24T14:00:35,1787554835,13.822793,100.511609,20.4,-0.27,-1.5,-2.5,-127.7,232.3,-0.02,0.17,0.02,24.96,97,POSCTL,0,0
2026-08-24T14:00:36,1787554836,13.822793,100.511609,20.4,-0.27,-1.3,-2.9,-127.7,232.3,-0.02,0.17,0.02,24.96,97,POSCTL,0,0
2026-08-24T14:00:37,1787554837,13.822793,100.511609,20.4,-0.27,-1.3,-2.9,-127.7,232.3,-0.02,0.17,0.02,24.96,97,POSCTL,0,0
2026-08-24T14:00:38,1787554838,13.822793,100.511609,20.4,-0.27,-1.3,-2.9,-127.7,232.3,-0.02,0.17,0.02,24.96,97,POSCTL,0,0
2026-08-24T14:00:39,1787554839,13.822793,100.511609,20.4,-0.27,-1.3,-2.9,-127.7,232.3,-0.02,0.17,0.02,24.96,97,POSCTL,0,0
2026-08-24T14:00:40,1787554840,13.822793,100.511609,20.4,-0.27,-1.3,-2.9,-127.7,232.3,-0.02,0.17,0.02,24.96,97,POSCTL,0,0
2026-08-24T14:00:41,1787554841,13.822793,100.511609,20.4,-0.27,-1.3,-2.9,-127.7,232.3,-0.02,0.17,0.02,24.96,97,POSCTL,0,0
2026-08-24T14:00:42,1787554842,13.822791,100.511612,20.6,0.07,-1.3,-3.4,-127.7,232.3,-0.03,-0.03,0.02,24.96,97,POSCTL,0,0
2026-08-24T14:00:43,1787554843,13.82279,100.511613,20.6,0.07,-1.3,-3.4,-127.7,232.3,-0.03,-0.03,0.02,24.96,97,POSCTL,0,0
2026-08-24T14:00:44,1787554844,13.82279,100.511613,20.6,0.07,-1.2,-3.6,-127.2,232.8,-0.03,-0.03,0.02,24.96,97,POSCTL,0,0
2026-08-24T14:00:45,1787554845,13.82279,100.511613,20.6,0.07,-1.2,-3.6,-127.2,232.8,-0.03,-0.03,0.02,24.96,97,POSCTL,0,0
2026-08-24T14:00:46,1787554846,13.822786,100.511616,20.7,0.16,-1.3,-2.7,-127.2,232.8,-0.04,-0.02,0.01,24.96,97,POSCTL,0,0
2026-08-24T14:00:47,1787554847,13.822786,100.511616,20.7,0.16,-1.3,-2.7,-127.2,232.8,-0.04,-0.02,0.01,24.96,97,POSCTL,0,0
2026-08-24T14:00:48,1787554848,13.822786,100.511616,20.7,0.16,-1.3,-2.7,-127.2,232.8,-0.04,-0.02,0.01,24.96,97,POSCTL,0,0
2026-08-24T14:00:50,1787554850,13.822786,100.511616,20.7,0.16,-1.3,-2.7,-127.2,232.8,-0.04,-0.02,0.01,24.96,97,POSCTL,0,0
2026-08-24T14:00:51,1787554851,13.822786,100.511616,20.7,0.16,-15.1,2.8,-133.0,227.0,-0.04,-0.02,0.01,24.96,97,POSCTL,0,0
2026-08-24T14:00:52,1787554852,13.822786,100.511616,20.7,0.16,-15.1,2.8,-133.0,227.0,-0.04,-0.02,0.01,24.96,97,POSCTL,0,0
2026-08-24T14:00:53,1787554853,13.822786,100.511616,20.7,0.16,-15.1,2.8,-133.0,227.0,-0.04,-0.02,0.01,24.96,97,POSCTL,0,0
2026-08-24T14:00:54,1787554854,13.822785,100.511597,20.2,-0.12,-1.8,-3.5,-128.5,231.5,0.0,-0.13,0.1,24.96,97,POSCTL,0,0
2026-08-24T14:00:55,1787554855,13.822785,100.511597,20.2,-0.12,-1.8,-3.5,-128.5,231.5,0.0,-0.13,0.1,24.96,97,POSCTL,0,0
2026-08-24T14:00:56,1787554856,13.822785,100.511597,20.2,-0.12,-1.8,-3.5,-128.5,231.5,0.0,-0.13,0.1,24.96,97,POSCTL,0,0
2026-08-24T14:00:57,1787554857,13.822785,100.511597,20.2,-0.12,-1.8,-3.5,-128.5,231.5,0.0,-0.13,0.1,24.96,97,POSCTL,0,0
2026-08-24T14:00:58,1787554858,13.822785,100.511597,20.2,-0.12,-1.8,-3.5,-128.5,231.5,0.0,-0.13,0.1,24.96,97,POSCTL,0,0
2026-08-24T14:00:59,1787554859,13.822785,100.511597,20.4,0.1,-1.8,-3.5,-128.5,231.5,0.08,-0.01,0.01,24.96,97,POSCTL,0,0
2026-08-24T14:01:00,1787554860,13.822785,100.511597,20.4,0.1,-1.8,-3.5,-128.5,231.5,0.08,-0.01,0.01,24.96,97,POSCTL,0,0
2026-08-24T14:01:01,1787554861,13.822785,100.511597,20.4,0.1,-1.8,-3.5,-128.5,231.5,0.08,-0.01,0.01,24.96,97,POSCTL,0,0
2026-08-24T14:01:02,1787554862,13.822788,100.511597,20.6,9.81,-1.3,-3.5,-127.5,232.5,0.01,0.01,-0.01,24.96,97,POSCTL,0,0
2026-08-24T14:02:26,1787554946,13.822767,100.511605,21.1,13.49,-1.5,-3.8,-141.9,218.1,0.0,0.0,0.0,24.94,96,0,1,0
2026-08-24T14:02:27,1787554947,13.822767,100.511605,21.1,13.49,-1.5,-3.8,-141.9,218.1,0.0,0.0,0.0,24.94,96,POSCTL,0,0
2026-08-24T14:02:28,1787554948,13.822767,100.511605,21.1,13.49,-1.5,-3.8,-141.9,218.1,0.0,0.0,0.0,24.94,96,POSCTL,0,0
2026-08-24T14:02:29,1787554949,13.822767,100.511605,21.1,13.49,-1.5,-3.8,-141.9,218.1,0.0,0.0,0.0,24.94,96,POSCTL,0,0
2026-08-24T14:02:30,1787554950,13.822767,100.511605,21.1,13.49,-1.5,-3.8,-141.9,218.1,0.0,0.0,0.0,24.94,96,POSCTL,0,0
2026-08-24T14:02:31,1787554951,13.822767,100.511605,21.1,13.49,-1.4,-3.8,-144.1,215.9,0.0,0.0,0.0,24.94,96,POSCTL,0,0
2026-08-24T14:02:32,1787554952,13.822772,100.511601,20.5,-0.55,-1.4,-3.8,-144.1,215.9,-0.09,-0.03,0.12,24.94,96,POSCTL,0,0
2026-08-24T14:02:33,1787554953,13.822772,100.511601,20.5,-0.55,-1.4,-3.8,-144.1,215.9,-0.09,-0.03,0.12,24.94,96,POSCTL,0,0
2026-08-24T14:02:34,1787554954,13.822772,100.511601,20.5,-0.55,-1.3,-3.8,-144.2,215.8,-0.09,-0.03,0.12,24.94,96,POSCTL,0,0
2026-08-24T14:02:35,1787554955,13.822771,100.511597,20.0,-0.34,-1.3,-3.8,-144.2,215.8,-0.12,-0.16,0.18,24.94,96,POSCTL,0,0
2026-08-24T14:02:36,1787554956,13.822771,100.511597,20.0,-0.34,-1.1,-3.8,-144.3,215.7,-0.12,-0.16,0.18,24.94,96,POSCTL,0,0
2026-08-24T14:02:37,1787554957,13.822771,100.511597,20.0,-0.34,-1.1,-3.8,-144.3,215.7,-0.12,-0.16,0.18,24.94,96,POSCTL,0,0
2026-08-24T14:02:38,1787554958,13.822771,100.511597,20.0,-0.34,-1.1,-3.8,-144.3,215.7,-0.12,-0.16,0.18,24.94,96,POSCTL,0,0
2026-08-24T14:02:39,1787554959,13.822771,100.511585,19.0,-0.62,-1.1,-3.8,-144.3,215.7,0.03,-0.37,0.27,24.94,96,POSCTL,0,0
2026-08-24T14:02:40,1787554960,13.822774,100.511591,19.0,-0.62,-1.1,-3.8,-144.3,215.7,0.03,-0.37,0.27,24.94,96,POSCTL,0,0
2026-08-24T14:02:41,1787554961,13.822774,100.511591,19.0,-0.62,-1.4,-3.6,-144.4,215.6,0.03,-0.37,0.27,24.94,96,POSCTL,0,0
2026-08-24T14:02:42,1787554962,13.822774,100.511591,19.0,-0.62,-1.4,-3.6,-144.4,215.6,0.03,-0.37,0.27,24.94,96,POSCTL,0,0
2026-08-24T14:02:43,1787554963,13.82278,100.511598,19.1,-0.52,-1.5,-3.6,-144.1,215.9,0.06,-0.02,0.15,24.94,96,POSCTL,0,0
2026-08-24T14:02:44,1787554964,13.82278,100.511598,19.1,-0.52,-1.5,-3.6,-144.1,215.9,0.06,-0.02,0.15,24.94,96,POSCTL,0,0
2026-08-24T14:02:45,1787554965,13.82278,100.511598,19.1,-0.52,-1.5,-3.6,-144.1,215.9,0.06,-0.02,0.15,24.94,96,POSCTL,0,0
2026-08-24T14:02:46,1787554966,13.82278,100.511598,19.1,-0.52,-1.5,-3.6,-144.1,215.9,0.06,-0.02,0.15,24.94,96,POSCTL,0,0
2026-08-24T14:02:47,1787554967,13.82278,100.511598,19.1,-0.52,-1.5,-3.6,-144.1,215.9,0.06,-0.02,0.15,24.94,96,POSCTL,0,0
2026-08-24T14:02:48,1787554968,13.82278,100.511598,19.1,-0.52,-1.5,-3.6,-144.1,215.9,0.06,-0.02,0.15,24.94,96,POSCTL,0,0
2026-08-24T14:02:49,1787554969,13.82278,100.511598,19.1,-0.52,-1.5,-3.6,-144.1,215.9,0.06,-0.02,0.15,24.94,96,POSCTL,0,0
2026-08-24T14:02:50,1787554970,13.82278,100.511598,19.1,-0.52,-1.4,-3.8,-144.0,216.0,0.06,-0.02,0.15,24.94,96,POSCTL,0,0
2026-08-24T14:02:51,1787554971,13.822784,100.511602,19.6,0.28,-1.4,-3.8,-144.0,216.0,0.01,0.0,0.05,24.94,96,POSCTL,0,0
2026-08-24T14:02:52,1787554972,13.822784,100.511602,19.6,0.28,-1.3,-3.9,-144.1,215.9,0.01,0.0,0.05,24.94,96,POSCTL,0,0
2026-08-24T14:02:53,1787554973,13.822784,100.511602,19.6,0.28,-1.3,-3.9,-144.1,215.9,0.01,0.0,0.05,24.94,96,POSCTL,0,0
2026-08-24T14:02:54,1787554974,13.822784,100.511602,19.6,0.28,-1.6,-4.0,-144.1,215.9,0.01,0.0,0.05,24.94,96,POSCTL,0,0
2026-08-24T14:02:55,1787554975,13.822789,100.511613,20.3,0.14,-1.6,-4.0,-144.1,215.9,0.0,0.01,-0.03,24.94,96,POSCTL,0,0
2026-08-24T14:02:56,1787554976,13.822792,100.51162,20.3,0.14,-1.6,-4.0,-144.1,215.9,0.0,0.01,-0.03,24.94,96,POSCTL,0,0
2026-08-24T14:02:57,1787554977,13.822792,100.51162,20.3,0.14,-1.6,-4.0,-144.1,215.9,0.0,0.01,-0.03,24.94,96,POSCTL,0,0
2026-08-24T14:02:58,1787554978,13.822792,100.51162,20.3,0.14,-1.6,-4.0,-144.1,215.9,0.0,0.01,-0.03,24.94,96,POSCTL,0,0
2026-08-24T14:02:59,1787554979,13.822792,100.511623,20.4,0.19,-1.6,-4.0,-144.1,215.9,-0.01,-0.03,0.01,24.94,96,POSCTL,0,0
2026-08-24T14:03:00,1787554980,13.822792,100.511623,20.4,0.19,-1.5,-3.9,-144.4,215.6,-0.01,-0.03,0.01,24.94,96,POSCTL,0,0
2026-08-24T14:03:01,1787554981,13.822792,100.511623,20.4,0.19,-1.5,-3.9,-144.4,215.6,-0.01,-0.03,0.01,24.93,96,POSCTL,0,0
2026-08-24T14:03:02,1787554982,13.822792,100.511623,20.4,0.19,-1.3,-3.9,-144.5,215.5,-0.01,-0.03,0.01,24.93,96,POSCTL,0,0
2026-08-24T14:03:03,1787554983,13.822792,100.511623,20.0,-0.27,-1.3,-3.9,-144.5,215.5,0.0,-0.01,0.05,24.93,96,POSCTL,0,0
2026-08-24T14:03:04,1787554984,13.822792,100.511623,20.0,-0.27,-1.3,-3.9,-144.5,215.5,0.0,-0.01,0.05,24.93,96,POSCTL,0,0
2026-08-24T14:03:05,1787554985,13.822792,100.511623,20.0,-0.27,-1.5,-3.8,-144.7,215.3,0.0,-0.01,0.05,24.93,96,POSCTL,0,0
2026-08-24T14:03:06,1787554986,13.822792,100.511623,20.0,-0.27,-1.5,-3.8,-144.7,215.3,0.0,-0.01,0.05,24.93,96,POSCTL,0,0
2026-08-24T14:03:07,1787554987,13.822792,100.511623,20.0,-0.27,-1.5,-3.8,-144.7,215.3,0.0,-0.01,0.05,24.93,96,POSCTL,0,0
2026-08-24T14:03:08,1787554988,13.822792,100.511623,20.0,-0.27,-1.5,-3.8,-144.7,215.3,0.0,-0.01,0.05,24.93,96,POSCTL,0,0
2026-08-24T14:03:09,1787554989,13.822792,100.511623,20.0,-0.27,-1.5,-3.8,-144.7,215.3,0.0,-0.01,0.05,24.93,96,POSCTL,0,0
2026-08-24T14:03:13,1787554993,13.822792,100.511623,20.0,-0.27,-1.4,-3.8,-144.9,215.1,0.0,-0.01,0.05,24.93,96,POSCTL,0,0
2026-08-24T14:03:14,1787554994,13.822792,100.511623,20.0,-0.27,-1.4,-3.8,-144.9,215.1,0.0,-0.01,0.05,24.93,96,POSCTL,0,0
2026-08-24T14:03:15,1787554995,13.82279,100.511626,20.1,-0.15,-1.4,-3.9,-145.1,214.9,0.01,-0.01,0.0,24.93,96,POSCTL,0,0
2026-08-24T14:03:16,1787554996,13.82279,100.511626,20.1,-0.15,-1.4,-3.9,-145.1,214.9,0.01,-0.01,0.0,24.93,96,POSCTL,0,0
2026-08-24T14:03:17,1787554997,13.82279,100.511626,20.1,-0.15,-1.3,-3.8,-145.1,214.9,0.01,-0.01,0.0,24.93,96,POSCTL,0,0
2026-08-24T14:03:18,1787554998,13.82279,100.511626,20.1,-0.15,-1.3,-3.8,-145.1,214.9,0.01,-0.01,0.0,24.93,96,POSCTL,0,0
2026-08-24T14:03:19,1787554999,13.82279,100.511626,20.1,-0.15,-1.3,-3.8,-145.1,214.9,0.01,-0.01,0.0,24.93,96,POSCTL,0,0
2026-08-24T14:03:20,1787555000,13.82279,100.511626,20.1,-0.15,-1.3,-3.8,-145.1,214.9,0.01,-0.01,0.0,24.93,96,POSCTL,0,0
2026-08-24T14:03:21,1787555001,13.82279,100.511626,20.1,-0.15,-1.3,-3.8,-145.1,214.9,0.01,-0.01,0.0,24.93,96,POSCTL,0,0
2026-08-24T14:03:22,1787555002,13.822791,100.511626,20.7,0.5,-1.3,-3.8,-145.1,214.9,0.02,0.01,-0.06,24.93,96,POSCTL,0,0
2026-08-24T14:03:23,1787555003,13.822791,100.511626,20.7,0.5,-1.4,-3.8,-145.1,214.9,0.02,0.01,-0.06,24.93,96,POSCTL,0,0
2026-08-24T14:03:24,1787555004,13.822791,100.511626,20.7,0.5,-1.4,-3.8,-145.1,214.9,0.02,0.01,-0.06,24.93,95,POSCTL,0,0
2026-08-24T14:03:25,1787555005,13.822791,100.511626,20.7,0.5,-1.5,-3.8,-145.1,214.9,0.02,0.01,-0.06,24.93,95,POSCTL,0,0
2026-08-24T14:03:26,1787555006,13.822791,100.511626,20.7,0.5,-1.5,-3.8,-145.1,214.9,0.02,0.01,-0.06,24.93,95,POSCTL,0,0
2026-08-24T14:03:27,1787555007,13.822791,100.511625,21.1,0.84,-1.6,-3.8,-145.2,214.8,-0.01,0.0,-0.07,24.93,95,POSCTL,0,0
2026-08-24T14:03:28,1787555008,13.822791,100.511625,21.1,0.84,-1.6,-3.8,-145.2,214.8,-0.01,0.0,-0.07,24.93,95,POSCTL,0,0
2026-08-24T14:03:29,1787555009,13.822791,100.511625,21.1,0.84,-1.6,-3.8,-145.2,214.8,-0.01,0.0,-0.07,24.93,95,POSCTL,0,0
2026-08-24T14:03:30,1787555010,13.822791,100.511625,21.1,0.84,-1.6,-3.8,-145.2,214.8,-0.01,0.0,-0.07,24.93,95,POSCTL,0,0
2026-08-24T14:03:31,1787555011,13.822791,100.511625,21.1,0.84,-1.6,-3.8,-145.2,214.8,-0.01,0.0,-0.07,24.93,95,POSCTL,0,0
2026-08-24T14:03:32,1787555012,13.822791,100.511625,21.1,0.84,-1.6,-3.8,-145.2,214.8,-0.01,0.0,-0.07,24.93,95,POSCTL,0,0
2026-08-24T14:03:33,1787555013,13.822791,100.511625,21.1,0.84,-2.0,-3.8,-145.4,214.6,-0.01,0.0,-0.07,24.93,95,POSCTL,0,0
2026-08-24T14:03:34,1787555014,13.822791,100.511625,21.1,0.84,-2.0,-3.8,-145.4,214.6,-0.01,0.0,-0.07,24.93,95,POSCTL,0,0
2026-08-24T14:03:35,1787555015,13.822795,100.511627,20.8,0.51,-2.0,-3.8,-145.4,214.6,0.01,0.01,0.01,24.93,95,POSCTL,0,0
2026-08-24T14:03:36,1787555016,13.822795,100.511627,20.8,0.51,-1.6,-3.8,-145.4,214.6,0.01,0.01,0.01,24.93,95,POSCTL,0,0
2026-08-24T14:03:37,1787555017,13.822795,100.511627,20.8,0.51,-1.6,-3.8,-145.4,214.6,0.01,0.01,0.01,24.93,95,POSCTL,0,0
2026-08-24T14:03:38,1787555018,13.822795,100.511627,20.8,0.51,-1.6,-3.8,-145.4,214.6,0.01,0.01,0.01,24.93,95,POSCTL,0,0
2026-08-24T14:03:39,1787555019,13.822795,100.511627,20.8,0.51,-1.6,-3.8,-145.4,214.6,0.01,0.01,0.01,24.93,95,POSCTL,0,0
2026-08-24T14:03:40,1787555020,13.822795,100.511627,20.8,0.51,-1.6,-3.8,-145.4,214.6,0.01,0.01,0.01,24.93,95,POSCTL,0,0
2026-08-24T14:03:41,1787555021,13.822795,100.511627,20.8,0.51,-1.6,-3.8,-145.4,214.6,0.01,0.01,0.01,24.93,95,POSCTL,0,0
2026-08-24T14:03:42,1787555022,13.822795,100.511627,20.8,0.51,-1.5,-3.8,-145.4,214.6,0.01,0.01,0.01,24.93,95,POSCTL,0,0
2026-08-24T14:03:43,1787555023,13.822795,100.511633,21.0,0.2,-1.5,-3.8,-145.4,214.6,0.0,0.03,-0.02,24.93,95,POSCTL,0,0
2026-08-24T14:03:44,1787555024,13.822795,100.511633,21.0,0.2,-1.5,-3.8,-145.5,214.5,0.0,0.03,-0.02,24.93,95,POSCTL,0,0
2026-08-24T14:03:45,1787555025,13.822795,100.511633,21.0,0.2,-1.5,-3.8,-145.5,214.5,0.0,0.03,-0.02,24.93,95,POSCTL,0,0
2026-08-24T14:03:46,1787555026,13.822795,100.511633,21.0,0.2,-1.5,-3.8,-145.5,214.5,0.0,0.03,-0.02,24.93,95,POSCTL,0,0
2026-08-24T14:03:47,1787555027,13.822795,100.511633,21.0,0.2,-1.5,-3.8,-145.5,214.5,0.0,0.03,-0.02,24.93,95,POSCTL,0,0
2026-08-24T14:03:48,1787555028,13.822795,100.511633,21.0,0.2,-1.5,-3.8,-145.5,214.5,0.0,0.03,-0.02,24.93,95,POSCTL,0,0
2026-08-24T14:03:49,1787555029,13.822795,100.511633,21.0,0.2,-1.5,-3.8,-145.5,214.5,0.0,0.03,-0.02,24.93,95,POSCTL,0,0
2026-08-24T14:03:50,1787555030,13.822795,100.511633,21.0,0.2,-1.4,-3.8,-145.8,214.2,0.0,0.03,-0.02,24.93,95,POSCTL,0,0
2026-08-24T14:03:51,1787555031,13.822793,100.511639,20.8,-0.08,-1.4,-3.8,-145.8,214.2,-0.01,-0.02,0.03,24.93,95,POSCTL,0,0
2026-08-24T14:03:52,1787555032,13.822793,100.511639,20.8,-0.08,-1.4,-3.8,-145.8,214.2,-0.01,-0.02,0.03,24.93,95,POSCTL,0,0
2026-08-24T14:03:53,1787555033,13.822793,100.511639,20.8,-0.08,-1.4,-3.8,-145.8,214.2,-0.01,-0.02,0.03,24.93,95,POSCTL,0,0
2026-08-24T14:03:54,1787555034,13.822793,100.511639,20.8,-0.08,-1.4,-3.8,-145.8,214.2,-0.01,-0.02,0.03,24.93,95,POSCTL,0,0
2026-08-24T14:03:55,1787555035,13.822793,100.511638,20.9,-0.02,-1.4,-3.8,-145.8,214.2,0.01,-0.02,0.01,24.93,95,POSCTL,0,0
2026-08-24T14:03:56,1787555036,13.822793,100.511638,20.9,-0.02,-1.4,-3.8,-145.8,214.2,0.01,-0.02,0.01,24.93,95,POSCTL,0,0
2026-08-24T14:03:57,1787555037,13.822793,100.511638,20.9,-0.02,-1.4,-3.8,-145.8,214.2,0.01,-0.02,0.01,24.93,95,POSCTL,0,0
2026-08-24T14:03:58,1787555038,13.822793,100.511638,20.9,-0.02,-1.4,-3.8,-145.8,214.2,0.01,-0.02,0.01,24.93,95,POSCTL,0,0
2026-08-24T14:04:01,1787555041,13.822793,100.511638,20.9,-0.02,-1.4,-3.8,-145.8,214.2,0.01,-0.02,0.01,24.93,95,POSCTL,0,0
2026-08-24T14:04:02,1787555042,13.822793,100.511638,20.9,-0.02,-1.6,-3.8,-145.7,214.3,0.01,-0.02,0.01,24.93,95,POSCTL,0,0
2026-08-24T14:04:03,1787555043,13.822793,100.511634,21.1,0.17,-1.6,-3.8,-145.7,214.3,0.0,-0.06,0.0,24.93,95,POSCTL,0,0
2026-08-24T14:04:04,1787555044,13.822793,100.511634,21.1,0.17,-1.6,-3.8,-145.7,214.3,0.0,-0.06,0.0,24.93,95,POSCTL,0,0
2026-08-24T14:04:05,1787555045,13.822793,100.511634,21.1,0.17,-1.5,-3.8,-145.7,214.3,0.0,-0.06,0.0,24.93,95,POSCTL,0,0
2026-08-24T14:04:06,1787555046,13.822793,100.511634,21.1,0.17,-1.5,-3.8,-145.7,214.3,0.0,-0.06,0.0,24.93,95,POSCTL,0,0
2026-08-24T14:04:07,1787555047,13.822793,100.511634,21.1,0.17,-1.5,-3.8,-145.7,214.3,0.0,-0.06,0.0,24.93,95,POSCTL,0,0
2026-08-24T14:04:08,1787555048,13.822795,100.511633,21.1,0.23,-1.5,-3.8,-145.7,214.3,0.03,-0.04,-0.01,24.93,95,POSCTL,0,0
2026-08-24T14:04:09,1787555049,13.822795,100.511633,21.1,0.23,-1.5,-3.8,-145.7,214.3,0.03,-0.04,-0.01,24.92,95,POSCTL,0,0
2026-08-24T14:04:10,1787555050,13.822795,100.511633,21.1,0.23,-1.6,-3.7,-145.6,214.4,0.03,-0.04,-0.01,24.92,95,POSCTL,0,0
2026-08-24T14:04:11,1787555051,13.8228,100.511631,21.5,0.57,-1.6,-3.7,-145.6,214.4,0.06,-0.02,-0.05,24.92,95,0,1,0
2026-08-24T14:04:12,1787555052,13.8228,100.511631,21.5,0.57,-1.6,-3.7,-145.6,214.4,0.06,-0.02,-0.05,24.92,95,POSCTL,0,0
2026-08-24T14:04:13,1787555053,13.8228,100.511631,21.5,0.57,-1.7,-3.7,-145.6,214.4,0.06,-0.02,-0.05,24.92,95,POSCTL,0,0
2026-08-24T14:04:14,1787555054,13.8228,100.511631,21.5,0.57,-1.7,-3.7,-145.6,214.4,0.06,-0.02,-0.05,24.92,95,POSCTL,0,0
2026-08-24T14:04:15,1787555055,13.8228,100.511633,21.8,0.92,-1.7,-3.7,-145.6,214.4,0.0,0.07,-0.07,24.92,95,POSCTL,0,0
2026-08-24T14:04:16,1787555056,13.8228,100.511633,21.8,0.92,-1.7,-3.7,-145.6,214.4,0.0,0.07,-0.07,24.92,95,POSCTL,0,0
2026-08-24T14:04:17,1787555057,13.8228,100.511633,21.8,0.92,-1.7,-3.7,-145.6,214.4,0.0,0.07,-0.07,24.92,95,POSCTL,0,0
2026-08-24T14:04:18,1787555058,13.8228,100.511633,21.8,0.92,-1.6,-3.8,-145.5,214.5,0.0,0.07,-0.07,24.92,95,POSCTL,0,0
2026-08-24T14:04:19,1787555059,13.822801,100.511634,22.1,1.18,-1.6,-3.8,-145.5,214.5,-0.01,0.04,-0.06,24.92,95,0,1,0
2026-08-24T14:04:20,1787555060,13.822801,100.511634,22.1,1.18,-1.6,-3.8,-145.5,214.5,-0.01,0.04,-0.06,24.92,95,POSCTL,0,0
2026-08-24T14:04:21,1787555061,13.822801,100.511634,22.1,1.18,-1.6,-3.8,-145.5,214.5,-0.01,0.04,-0.06,24.92,95,POSCTL,0,0
2026-08-24T14:04:22,1787555062,13.822801,100.511634,22.1,1.18,-1.6,-3.8,-145.5,214.5,-0.01,0.04,-0.06,24.92,95,POSCTL,0,0
2026-08-24T14:04:23,1787555063,13.822801,100.511634,22.1,1.18,-1.6,-3.8,-145.5,214.5,-0.01,0.04,-0.06,24.92,95,0,1,0
2026-08-24T14:04:24,1787555064,13.822801,100.511634,22.1,1.18,-1.6,-3.8,-145.5,214.5,-0.01,0.04,-0.06,24.92,95,0,1,0
2026-08-24T14:04:25,1787555065,13.822801,100.511634,22.1,1.18,-1.6,-3.8,-145.5,214.5,-0.01,0.04,-0.06,24.92,95,0,1,0
2026-08-24T14:04:26,1787555066,13.822801,100.511634,22.1,1.18,-1.6,-3.8,-145.5,214.5,-0.01,0.04,-0.06,24.92,95,0,1,0
2026-08-24T14:04:27,1787555067,13.822801,100.511634,22.1,1.18,-1.6,-3.8,-145.5,214.5,-0.01,0.04,-0.06,24.92,95,0,1,0
2026-08-24T14:04:28,1787555068,13.822798,100.511636,21.8,0.88,-1.6,-3.8,-145.5,214.5,-0.01,-0.01,0.03,24.92,95,0,1,0
2026-08-24T14:04:29,1787555069,13.822798,100.511636,21.8,0.88,-1.6,-3.8,-145.5,214.5,-0.01,-0.01,0.03,24.92,95,0,1,0
2026-08-24T14:04:30,1787555070,13.822797,100.511634,21.4,0.49,-1.5,-3.7,-145.4,214.6,0.0,-0.03,0.06,24.92,95,0,1,0
2026-08-24T14:04:31,1787555071,13.822797,100.511634,21.4,0.49,-1.5,-3.7,-145.4,214.6,0.0,-0.03,0.06,24.92,95,POSCTL,0,0
2026-08-24T14:04:32,1787555072,13.822797,100.511634,21.4,0.49,-1.6,-3.7,-145.4,214.6,0.0,-0.03,0.06,24.92,95,POSCTL,0,0
2026-08-24T14:04:33,1787555073,13.822797,100.511634,21.4,0.49,-1.6,-3.7,-145.4,214.6,0.0,-0.03,0.06,24.92,95,POSCTL,0,0
2026-08-24T14:04:34,1787555074,13.822797,100.511634,21.4,0.49,-1.6,-3.7,-145.4,214.6,0.0,-0.03,0.06,24.92,95,POSCTL,0,0
2026-08-24T14:04:35,1787555075,13.822799,100.511631,21.4,0.49,-1.6,-3.7,-145.4,214.6,0.0,-0.03,0.06,24.92,95,POSCTL,0,0
2026-08-24T14:04:36,1787555076,13.822799,100.511631,21.4,0.49,-1.6,-3.7,-145.4,214.6,0.0,-0.03,0.06,24.92,95,POSCTL,0,0
2026-08-24T14:04:37,1787555077,13.822799,100.511631,21.4,0.49,-1.6,-3.7,-145.4,214.6,0.0,-0.03,0.06,24.92,95,POSCTL,0,0
2026-08-24T14:04:38,1787555078,13.822799,100.511631,21.4,0.49,-1.6,-3.7,-145.3,214.7,0.0,-0.03,0.06,24.92,95,POSCTL,0,0
2026-08-24T14:04:39,1787555079,13.822802,100.511628,20.8,-0.09,-1.6,-3.7,-145.3,214.7,0.01,-0.01,0.03,24.92,95,POSCTL,0,0
2026-08-24T14:04:40,1787555080,13.822802,100.511628,20.8,-0.09,-1.6,-3.7,-145.4,214.6,0.01,-0.01,0.03,24.92,95,POSCTL,0,0
2026-08-24T14:04:41,1787555081,13.822802,100.511628,20.8,-0.09,-1.6,-3.7,-145.4,214.6,0.01,-0.01,0.03,24.92,95,POSCTL,0,0
2026-08-24T14:04:42,1787555082,13.822802,100.511628,20.8,-0.09,-1.6,-3.7,-145.3,214.7,0.01,-0.01,0.03,24.92,95,POSCTL,0,0
2026-08-24T14:04:43,1787555083,13.822804,100.511627,20.4,-0.4,-1.6,-3.7,-145.3,214.7,0.01,-0.03,0.06,24.92,95,POSCTL,0,0
2026-08-24T14:04:44,1787555084,13.822804,100.511627,20.4,-0.4,-1.6,-3.7,-145.3,214.7,0.01,-0.03,0.06,24.92,95,POSCTL,0,0
2026-08-24T14:04:45,1787555085,13.822804,100.511627,20.4,-0.4,-1.6,-3.7,-145.3,214.7,0.01,-0.03,0.06,24.92,95,POSCTL,0,0
2026-08-24T14:04:46,1787555086,13.822804,100.511627,20.4,-0.4,-1.7,-3.8,-145.4,214.6,0.01,-0.03,0.06,24.92,95,POSCTL,0,0
2026-08-24T14:04:47,1787555087,13.822804,100.511627,20.4,-0.4,-1.7,-3.8,-145.4,214.6,0.01,-0.03,0.06,24.92,95,POSCTL,0,0
2026-08-24T14:04:48,1787555088,13.822804,100.511627,20.4,-0.4,-1.6,-3.8,-145.4,214.6,0.01,-0.03,0.06,24.92,95,POSCTL,0,0
2026-08-24T14:04:49,1787555089,13.822804,100.511627,20.4,-0.4,-1.6,-3.8,-145.4,214.6,0.01,-0.03,0.06,24.92,95,POSCTL,0,0
2026-08-24T14:04:50,1787555090,13.822799,100.511622,19.7,-1.1,-1.6,-3.8,-145.3,214.7,-0.04,-0.05,0.09,24.92,95,POSCTL,0,0
2026-08-24T14:04:51,1787555091,13.822799,100.511622,19.7,-1.1,-1.6,-3.8,-145.3,214.7,-0.04,-0.05,0.09,24.92,95,POSCTL,0,0
2026-08-24T14:04:52,1787555092,13.822799,100.511622,19.7,-1.1,-1.6,-3.8,-145.3,214.7,-0.04,-0.05,0.09,24.92,95,POSCTL,0,0
2026-08-24T14:04:53,1787555093,13.822799,100.511622,19.7,-1.1,-1.6,-3.8,-145.3,214.7,-0.04,-0.05,0.09,24.92,95,POSCTL,0,0
2026-08-24T14:04:54,1787555094,13.822799,100.511622,19.7,-1.1,-1.6,-3.8,-145.3,214.7,-0.04,-0.05,0.09,24.92,95,POSCTL,0,0
2026-08-24T14:04:55,1787555095,13.822799,100.511622,19.7,-1.1,-1.6,-3.8,-145.3,214.7,-0.04,-0.05,0.09,24.92,95,POSCTL,0,0
2026-08-24T14:04:56,1787555096,13.822799,100.511622,19.7,-1.1,-1.6,-3.8,-145.3,214.7,-0.04,-0.05,0.09,24.92,95,POSCTL,0,0
2026-08-24T14:04:57,1787555097,13.822799,100.511622,19.7,-1.1,-1.6,-3.8,-145.3,214.7,-0.04,-0.05,0.09,24.92,95,POSCTL,0,0
2026-08-24T14:04:58,1787555098,13.822793,100.511619,19.7,-0.04,-1.7,-3.7,-145.4,214.6,-0.01,0.0,0.0,24.92,95,POSCTL,0,0
2026-08-24T14:04:59,1787555099,13.822793,100.511619,19.7,-0.04,-1.7,-3.7,-145.4,214.6,-0.01,0.0,0.0,24.92,95,POSCTL,0,0
2026-08-24T14:05:00,1787555100,13.822793,100.511619,19.7,-0.04,-1.7,-3.7,-145.4,214.6,-0.01,0.0,0.0,24.92,95,POSCTL,0,0
2026-08-24T14:05:01,1787555101,13.822793,100.511619,19.7,-0.04,-1.6,-3.7,-145.3,214.7,-0.01,0.0,0.0,24.92,95,POSCTL,0,0
2026-08-24T14:05:02,1787555102,13.822793,100.511619,19.7,-0.04,-1.6,-3.7,-145.3,214.7,-0.01,0.0,0.0,24.92,95,POSCTL,0,0
2026-08-24T14:05:03,1787555103,13.822793,100.511619,19.7,-0.04,-1.6,-3.7,-145.3,214.7,-0.01,0.0,0.0,24.92,95,POSCTL,0,0
2026-08-24T14:05:06,1787555106,13.822793,100.511619,19.7,-0.04,-1.5,-3.7,-145.4,214.6,-0.01,0.0,0.0,24.92,95,POSCTL,0,0
2026-08-24T14:05:07,1787555107,13.822793,100.511619,19.7,-0.04,-1.5,-3.7,-145.4,214.6,-0.01,0.0,0.0,24.92,95,POSCTL,0,0
2026-08-24T14:05:08,1787555108,13.822793,100.511619,19.7,-0.04,-1.5,-3.7,-145.4,214.6,-0.01,0.0,0.0,24.91,95,POSCTL,0,0
2026-08-24T14:05:09,1787555109,13.822793,100.511611,19.2,-0.09,-1.5,-3.7,-145.4,214.6,0.0,-0.05,0.06,24.91,95,POSCTL,0,0
2026-08-24T14:05:10,1787555110,13.822793,100.511611,19.2,-0.09,-1.7,-3.7,-145.5,214.5,0.0,-0.05,0.06,24.91,95,POSCTL,0,0
2026-08-24T14:05:11,1787555111,13.822793,100.511611,19.2,-0.09,-1.7,-3.7,-145.5,214.5,0.0,-0.05,0.06,24.91,95,POSCTL,0,0
2026-08-24T14:05:12,1787555112,13.822793,100.511611,19.2,-0.09,-1.7,-3.7,-145.5,214.5,0.0,-0.05,0.06,24.91,95,POSCTL,0,0
2026-08-24T14:05:13,1787555113,13.822793,100.511611,19.2,-0.09,-1.7,-3.7,-145.5,214.5,0.0,-0.05,0.06,24.91,95,POSCTL,0,0
2026-08-24T14:05:14,1787555114,13.822793,100.511611,19.2,-0.09,-1.7,-3.7,-145.5,214.5,0.0,-0.05,0.06,24.91,95,POSCTL,0,0
2026-08-24T14:05:15,1787555115,13.822793,100.511611,19.2,-0.09,-1.7,-3.7,-145.5,214.5,0.0,-0.05,0.06,24.91,95,POSCTL,0,0
2026-08-24T14:05:16,1787555116,13.822793,100.511611,19.2,-0.09,-1.7,-3.7,-145.5,214.5,0.0,-0.05,0.06,24.91,95,POSCTL,0,0
2026-08-24T14:05:17,1787555117,13.822793,100.511611,19.2,-0.09,-1.7,-3.7,-145.5,214.5,0.0,-0.05,0.06,24.91,95,POSCTL,0,0
2026-08-24T14:05:18,1787555118,13.822791,100.511611,19.2,-0.09,-1.7,-3.7,-145.5,214.5,0.0,-0.05,0.06,24.91,95,POSCTL,0,0
2026-08-24T14:05:19,1787555119,13.822792,100.511612,20.6,1.23,-1.7,-3.7,-145.5,214.5,-0.02,0.08,-0.15,24.91,95,POSCTL,0,0
2026-08-24T14:05:20,1787555120,13.822792,100.511612,20.6,1.23,-1.6,-3.7,-145.4,214.6,-0.02,0.08,-0.15,24.91,95,POSCTL,0,0
2026-08-24T14:05:21,1787555121,13.822791,100.511612,21.3,0.46,-1.6,-3.7,-145.4,214.6,-0.01,0.03,-0.15,24.91,95,POSCTL,0,0
2026-08-24T14:05:22,1787555122,13.822791,100.511612,21.3,0.46,-1.6,-3.7,-145.4,214.6,-0.01,0.03,-0.15,24.91,95,POSCTL,0,0
2026-08-24T14:05:23,1787555123,13.822791,100.511612,21.3,0.46,-1.6,-3.7,-145.4,214.6,-0.01,0.03,-0.15,24.91,95,POSCTL,0,0
2026-08-24T14:05:24,1787555124,13.822791,100.511612,21.3,0.46,-1.6,-3.7,-145.4,214.6,-0.01,0.03,-0.15,24.91,95,POSCTL,0,0
2026-08-24T14:05:25,1787555125,13.822791,100.511612,21.3,0.46,-1.7,-3.7,-145.4,214.6,-0.01,0.03,-0.15,24.91,95,POSCTL,0,0
2026-08-24T14:05:26,1787555126,13.822788,100.511617,22.1,1.31,-1.7,-3.7,-145.4,214.6,0.0,0.01,-0.11,24.91,95,POSCTL,0,0
2026-08-24T14:05:27,1787555127,13.822788,100.511617,22.1,1.31,-1.7,-3.7,-145.4,214.6,0.0,0.01,-0.11,24.91,95,POSCTL,0,0
2026-08-24T14:05:28,1787555128,13.822788,100.511617,22.1,1.31,-1.7,-3.7,-145.5,214.5,0.0,0.01,-0.11,24.91,95,POSCTL,0,0
2026-08-24T14:05:29,1787555129,13.822787,100.511617,22.7,0.35,-1.7,-3.7,-145.5,214.5,-0.01,0.01,-0.11,24.91,95,POSCTL,0,0
2026-08-24T14:05:30,1787555130,13.822787,100.511617,22.7,0.35,-1.7,-3.8,-145.4,214.6,-0.01,0.01,-0.11,24.91,95,POSCTL,0,0
2026-08-24T14:05:31,1787555131,13.822787,100.511617,22.7,0.35,-1.7,-3.8,-145.4,214.6,-0.01,0.01,-0.11,24.91,95,POSCTL,0,0
2026-08-24T14:05:32,1787555132,13.822787,100.511617,22.7,0.35,-1.7,-3.8,-145.4,214.6,-0.01,0.01,-0.11,24.91,95,POSCTL,0,0
2026-08-24T14:05:33,1787555133,13.822787,100.511619,22.8,0.48,-1.7,-3.8,-145.4,214.6,0.01,0.11,-0.07,24.91,95,POSCTL,0,0
2026-08-24T14:05:34,1787555134,13.822787,100.511619,22.8,0.48,-1.7,-3.8,-145.4,214.6,0.01,0.11,-0.07,24.91,95,POSCTL,0,0
2026-08-24T14:05:36,1787555136,13.822787,100.511619,22.8,0.48,-1.7,-3.8,-145.4,214.6,0.01,0.11,-0.07,24.91,95,POSCTL,0,0
2026-08-24T14:05:37,1787555137,13.822787,100.511619,22.8,0.48,-1.7,-3.8,-145.6,214.4,0.01,0.11,-0.07,24.91,95,POSCTL,0,0
2026-08-24T14:05:38,1787555138,13.822787,100.511619,22.8,0.48,-1.7,-3.8,-145.6,214.4,0.01,0.11,-0.07,24.91,95,POSCTL,0,0
2026-08-24T14:05:39,1787555139,13.822787,100.511619,22.8,0.48,-1.8,-3.8,-145.5,214.5,0.01,0.11,-0.07,24.91,95,POSCTL,0,0
2026-08-24T14:05:40,1787555140,13.822782,100.511616,22.0,-0.29,-1.8,-3.8,-145.5,214.5,-0.03,-0.11,0.06,24.91,95,POSCTL,0,0
2026-08-24T14:05:41,1787555141,13.822782,100.511616,22.0,-0.29,-1.8,-3.8,-145.5,214.5,-0.03,-0.11,0.06,24.91,95,POSCTL,0,0
2026-08-24T14:05:42,1787555142,13.822782,100.511616,22.0,-0.29,-1.6,-3.7,-145.5,214.5,-0.03,-0.11,0.06,24.91,95,POSCTL,0,0
2026-08-24T14:05:43,1787555143,13.822782,100.511616,22.0,-0.29,-1.6,-3.7,-145.5,214.5,-0.03,-0.11,0.06,24.91,95,POSCTL,0,0
2026-08-24T14:05:44,1787555144,13.822782,100.511616,22.0,-0.29,-1.6,-3.7,-145.5,214.5,-0.03,-0.11,0.06,24.91,95,POSCTL,0,0
2026-08-24T14:05:45,1787555145,13.822782,100.511616,22.0,-0.29,-1.6,-3.7,-145.5,214.5,-0.03,-0.11,0.06,24.91,95,POSCTL,0,0
2026-08-24T14:05:46,1787555146,13.822782,100.511616,22.0,-0.29,-1.6,-3.7,-145.5,214.5,-0.03,-0.11,0.06,24.91,95,POSCTL,0,0
2026-08-24T14:05:47,1787555147,13.822779,100.511611,21.7,-0.03,-1.7,-3.6,-145.5,214.5,0.01,0.0,0.03,24.91,95,POSCTL,0,0
2026-08-24T14:05:48,1787555148,13.822778,100.511604,21.7,-0.03,-1.7,-3.6,-145.5,214.5,0.01,0.0,0.03,24.91,95,POSCTL,0,0
2026-08-24T14:05:49,1787555149,13.822778,100.511604,21.7,-0.03,-1.7,-3.6,-145.4,214.6,0.01,0.0,0.03,24.91,95,POSCTL,0,0
2026-08-24T14:05:50,1787555150,13.822778,100.511604,21.7,-0.03,-1.7,-3.6,-145.4,214.6,0.01,0.0,0.03,24.91,95,POSCTL,0,0
2026-08-24T14:05:51,1787555151,13.822779,100.511607,22.4,0.62,-1.7,-3.7,-145.4,214.6,0.01,0.01,-0.05,24.91,95,POSCTL,0,0
2026-08-24T14:05:52,1787555152,13.822779,100.511607,22.4,0.62,-1.7,-3.7,-145.4,214.6,0.01,0.01,-0.05,24.91,95,POSCTL,0,0
2026-08-24T14:05:53,1787555153,13.822779,100.511607,22.4,0.62,-1.7,-3.7,-145.4,214.6,0.01,0.01,-0.05,24.91,95,POSCTL,0,0
2026-08-24T14:07:06,1787555226,13.822779,100.511607,22.4,0.62,-1.5,-3.7,147.4,147.4,0.01,0.01,-0.05,24.91,95,POSCTL,0,0
2026-08-24T14:07:07,1787555227,13.822779,100.511607,22.4,0.62,-1.6,-3.7,156.2,156.2,0.01,0.01,-0.05,24.91,95,POSCTL,0,0
2026-08-24T14:07:08,1787555228,13.822779,100.511607,22.4,0.62,-1.6,-3.7,159.1,159.1,0.01,0.01,-0.05,24.91,95,POSCTL,0,0
2026-08-24T14:07:09,1787555229,13.822779,100.511607,22.4,0.62,-1.6,-3.8,160.4,160.4,0.01,0.01,-0.05,24.91,95,0,1,0
2026-08-24T14:07:10,1787555230,13.822779,100.511607,22.4,0.62,-1.6,-3.8,161.3,161.3,0.01,0.01,-0.05,24.91,95,POSCTL,0,0
2026-08-24T14:07:11,1787555231,13.822779,100.511607,22.4,0.62,-1.6,-3.8,161.4,161.4,0.01,0.01,-0.05,24.91,95,0,1,0
2026-08-24T14:07:12,1787555232,13.822779,100.511607,22.4,0.62,-1.6,-3.8,161.4,161.4,0.01,0.01,-0.05,24.91,95,0,1,0
2026-08-24T14:07:13,1787555233,13.822779,100.511607,22.4,0.62,-1.6,-3.8,161.4,161.4,0.01,0.01,-0.05,24.91,95,0,1,0
2026-08-24T14:07:16,1787555236,13.822779,100.511607,22.4,0.62,-1.5,-3.8,164.7,164.7,0.01,0.01,-0.05,24.91,95,POSCTL,0,0
2026-08-24T14:07:17,1787555237,13.822779,100.511607,22.4,0.62,-1.5,-3.8,166.9,166.9,0.01,0.01,-0.05,24.91,95,POSCTL,0,0
2026-08-24T14:07:18,1787555238,13.822779,100.511607,22.4,0.62,-1.5,-3.8,162.9,162.9,0.01,0.01,-0.05,24.91,95,0,1,0
2026-08-24T14:07:19,1787555239,13.822779,100.511607,22.4,0.62,-1.5,-3.8,161.3,161.3,0.01,0.01,-0.05,24.91,95,POSCTL,0,0
2026-08-24T14:07:20,1787555240,13.822791,100.511647,22.4,0.62,-1.5,-3.8,160.6,160.6,0.01,0.01,-0.05,24.91,95,POSCTL,0,0
2026-08-24T14:07:21,1787555241,13.822791,100.511647,22.4,0.62,-1.5,-3.8,160.6,160.6,0.01,0.01,-0.05,24.91,95,0,1,0
2026-08-24T14:07:22,1787555242,13.822791,100.511647,22.4,0.62,-1.5,-3.8,160.6,160.6,0.01,0.01,-0.05,24.91,95,0,1,0
2026-08-24T14:07:23,1787555243,13.822791,100.511647,22.4,0.62,-1.5,-3.7,159.4,159.4,0.01,0.01,-0.05,24.91,95,0,1,0
2026-08-24T14:07:24,1787555244,13.822791,100.511647,22.4,0.62,-1.5,-3.7,159.4,159.4,0.01,0.01,-0.05,24.91,95,0,1,0
2026-08-24T14:07:26,1787555246,13.822791,100.511647,22.4,0.62,-1.5,-3.7,158.9,158.9,0.01,0.01,-0.05,24.91,95,POSCTL,0,0
2026-08-24T14:07:27,1787555247,13.822791,100.511647,22.4,0.62,-1.5,-3.7,159.2,159.2,0.01,0.01,-0.05,24.91,95,POSCTL,0,0
2026-08-24T14:07:28,1787555248,13.822791,100.511647,22.4,0.62,-1.5,-3.7,159.0,159.0,0.01,0.01,-0.05,24.91,95,POSCTL,0,0
2026-08-24T14:07:29,1787555249,13.822791,100.511647,22.4,0.62,-1.5,-3.7,159.0,159.0,0.01,0.01,-0.05,24.91,95,POSCTL,0,0
2026-08-24T14:07:30,1787555250,13.822791,100.511647,22.4,0.62,-1.6,-3.6,159.3,159.3,0.01,0.01,-0.05,24.91,95,POSCTL,0,0
2026-08-24T14:07:31,1787555251,13.822791,100.511647,22.4,0.62,-1.6,-3.6,159.3,159.3,0.01,0.01,-0.05,24.91,95,0,1,0
2026-08-24T14:07:32,1787555252,13.822791,100.511647,22.4,0.62,-1.6,-3.7,159.6,159.6,0.01,0.01,-0.05,24.91,95,POSCTL,0,0
2026-08-24T14:07:33,1787555253,13.822791,100.511647,22.4,0.62,-1.6,-3.7,159.6,159.6,0.01,0.01,-0.05,24.91,95,POSCTL,0,0
2026-08-24T14:07:34,1787555254,13.822791,100.511647,22.4,0.62,-1.6,-3.7,159.6,159.6,0.01,0.01,-0.05,24.91,95,POSCTL,0,0
2026-08-24T14:07:35,1787555255,13.822791,100.511647,22.4,0.62,-1.6,-3.7,159.6,159.6,0.01,0.01,-0.05,24.91,95,POSCTL,0,0
2026-08-24T14:07:36,1787555256,13.822791,100.511647,22.4,0.62,-1.6,-3.7,159.6,159.6,0.01,0.01,-0.05,24.91,95,POSCTL,0,0
2026-08-24T14:07:37,1787555257,13.822791,100.511647,22.4,0.62,-1.6,-3.7,159.6,159.6,0.01,0.01,-0.05,24.91,95,POSCTL,0,0
2026-08-24T14:07:38,1787555258,13.822791,100.511647,22.4,0.62,-1.6,-3.7,159.6,159.6,0.01,0.01,-0.05,24.91,95,POSCTL,0,0
2026-08-24T14:07:39,1787555259,13.822791,100.511647,22.4,0.62,-1.6,-3.6,158.7,158.7,0.01,0.01,-0.05,24.91,95,0,1,0
2026-08-24T14:07:40,1787555260,13.822783,100.51164,22.4,0.62,-1.6,-3.6,158.7,158.7,0.01,0.01,-0.05,24.91,95,POSCTL,0,0
2026-08-24T14:07:41,1787555261,13.822783,100.51164,22.4,0.62,-1.6,-3.6,158.7,158.7,0.01,0.01,-0.05,24.91,95,POSCTL,0,0
2026-08-24T14:07:42,1787555262,13.822783,100.51164,22.4,0.62,-1.6,-3.6,158.7,158.7,0.01,0.01,-0.05,24.91,95,POSCTL,0,0
2026-08-24T14:07:43,1787555263,13.822783,100.51164,22.4,0.62,-1.6,-3.6,158.7,158.7,0.01,0.01,-0.05,24.91,95,POSCTL,0,0
2026-08-24T14:07:44,1787555264,13.822783,100.51164,22.4,0.62,-1.6,-3.7,158.2,158.2,0.01,0.01,-0.05,24.91,95,POSCTL,0,0
2026-08-24T14:07:45,1787555265,13.822783,100.51164,22.4,0.62,-1.6,-3.7,158.2,158.2,0.01,0.01,-0.05,24.91,95,POSCTL,0,0
2026-08-24T14:07:46,1787555266,13.822783,100.51164,22.4,0.62,-1.6,-3.7,158.2,158.2,0.01,0.01,-0.05,24.91,95,0,1,0
2026-08-24T14:07:47,1787555267,13.822783,100.51164,22.4,0.62,-1.6,-3.7,158.2,158.2,0.01,0.01,-0.05,24.91,95,0,1,0
2026-08-24T14:07:48,1787555268,13.822783,100.51164,22.4,0.62,-1.6,-3.7,158.2,158.2,0.01,0.01,-0.05,24.91,95,0,1,0
2026-08-24T14:07:49,1787555269,13.822786,100.511631,22.4,0.62,-1.6,-3.7,157.6,157.6,0.01,0.01,-0.05,24.91,95,POSCTL,0,0
2026-08-24T14:07:50,1787555270,13.822786,100.511631,22.4,0.62,-1.6,-3.7,157.6,157.6,0.01,0.01,-0.05,24.91,95,POSCTL,0,0
2026-08-24T14:07:51,1787555271,13.822786,100.511631,22.4,0.62,-1.6,-3.7,157.6,157.6,0.01,0.01,-0.05,24.91,95,0,1,0
2026-08-24T14:07:52,1787555272,13.822786,100.511631,22.4,0.62,-1.6,-3.7,157.6,157.6,0.01,0.01,-0.05,24.91,95,0,1,0
2026-08-24T14:07:53,1787555273,13.822786,100.511631,22.4,0.62,-1.6,-3.7,157.6,157.6,0.01,0.01,-0.05,24.91,95,0,1,0
2026-08-24T14:07:54,1787555274,13.822786,100.511631,22.4,0.62,-1.6,-3.7,157.6,157.6,0.01,0.01,-0.05,24.91,95,0,1,0
2026-08-24T14:07:55,1787555275,13.822786,100.511631,22.4,0.62,-1.6,-3.7,157.6,157.6,0.01,0.01,-0.05,24.91,95,0,1,0
2026-08-24T14:07:56,1787555276,13.822786,100.511631,22.4,0.62,-1.6,-3.7,157.6,157.6,0.01,0.01,-0.05,24.91,95,0,1,0
2026-08-24T14:07:57,1787555277,13.822786,100.511631,22.4,0.62,-1.6,-3.7,157.6,157.6,0.01,0.01,-0.05,24.91,95,POSCTL,0,0
2026-08-24T14:07:58,1787555278,13.822786,100.511631,22.4,0.62,-2.1,-7.5,147.1,147.1,0.01,0.01,-0.05,24.91,95,0,1,0
2026-08-24T14:07:59,1787555279,13.822787,100.511635,22.4,0.62,-2.1,-7.5,147.1,147.1,0.01,0.01,-0.05,24.91,95,POSCTL,0,0
2026-08-24T14:08:00,1787555280,13.822787,100.511635,22.4,0.62,-2.1,-7.5,147.1,147.1,0.01,0.01,-0.05,24.91,95,POSCTL,0,0
2026-08-24T14:08:01,1787555281,13.822787,100.511635,22.4,0.62,1.5,-4.6,133.6,133.6,0.01,0.01,-0.05,24.91,95,0,1,0
2026-08-24T14:08:02,1787555282,13.822787,100.511635,22.4,0.62,1.5,-4.6,133.6,133.6,0.01,0.01,-0.05,24.91,95,0,1,0
2026-08-24T14:08:03,1787555283,13.822787,100.511635,22.4,0.62,1.5,-4.6,133.6,133.6,0.01,0.01,-0.05,24.91,95,0,1,0
2026-08-24T14:08:04,1787555284,13.822787,100.511635,22.4,0.62,1.5,-4.6,133.6,133.6,0.01,0.01,-0.05,24.91,95,0,1,0
2026-08-24T14:08:05,1787555285,13.822787,100.511635,22.4,0.62,1.5,-4.6,133.6,133.6,0.01,0.01,-0.05,24.91,95,0,1,0
2026-08-24T14:08:06,1787555286,13.822787,100.511635,22.4,0.62,1.5,-4.6,133.6,133.6,0.01,0.01,-0.05,24.91,95,0,1,0
2026-08-24T14:08:07,1787555287,13.822787,100.511635,22.4,0.62,1.5,-4.6,133.6,133.6,0.01,0.01,-0.05,24.91,95,0,1,0
2026-08-24T14:08:08,1787555288,13.822787,100.511635,22.4,0.62,1.5,-4.6,133.6,133.6,0.01,0.01,-0.05,24.91,95,0,1,0
2026-08-24T14:08:09,1787555289,13.822787,100.511635,22.4,0.62,1.5,-4.6,133.6,133.6,0.01,0.01,-0.05,24.91,95,0,1,0
2026-08-24T14:08:10,1787555290,13.822787,100.511635,22.4,0.62,-2.1,-4.0,-108.3,251.7,0.01,0.01,-0.05,24.91,95,0,1,0
2026-08-24T14:08:11,1787555291,13.822787,100.511635,22.4,0.62,-2.1,-4.0,-108.3,251.7,0.01,0.01,-0.05,24.91,95,POSCTL,0,0
2026-08-24T14:08:12,1787555292,13.822787,100.511635,22.4,0.62,-2.1,-4.0,-108.3,251.7,0.01,0.01,-0.05,24.91,95,POSCTL,0,0
2026-08-24T14:08:13,1787555293,13.822787,100.511635,22.4,0.62,-2.1,-4.0,-108.3,251.7,0.01,0.01,-0.05,24.91,95,0,1,0
2026-08-24T14:08:14,1787555294,13.822787,100.511635,22.4,0.62,-2.1,-4.0,-108.3,251.7,0.01,0.01,-0.05,24.91,95,0,1,0
2026-08-24T14:08:15,1787555295,13.822787,100.511635,22.4,0.62,-2.1,-4.0,-108.3,251.7,0.01,0.01,-0.05,24.91,95,0,1,0
2026-08-24T14:08:16,1787555296,13.822787,100.511635,22.4,0.62,13.9,-2.9,123.0,123.0,0.01,0.01,-0.05,24.91,95,POSCTL,0,0
2026-08-24T14:08:17,1787555297,13.822787,100.511635,22.4,0.62,13.9,-2.9,123.0,123.0,0.01,0.01,-0.05,24.91,95,POSCTL,0,0
2026-08-24T14:08:18,1787555298,13.822787,100.511635,22.4,0.62,13.9,-2.9,123.0,123.0,0.01,0.01,-0.05,24.91,95,POSCTL,0,0
2026-08-24T14:08:19,1787555299,13.822787,100.511635,22.4,0.62,13.9,-2.9,123.0,123.0,0.01,0.01,-0.05,24.91,95,POSCTL,0,0
2026-08-24T14:08:20,1787555300,13.822787,100.511635,22.4,0.62,13.9,-2.9,123.0,123.0,0.01,0.01,-0.05,24.91,95,0,1,0
2026-08-24T14:08:21,1787555301,13.822787,100.511635,22.4,0.62,13.9,-2.9,123.0,123.0,0.01,0.01,-0.05,24.91,95,POSCTL,0,0
2026-08-24T14:08:22,1787555302,13.822787,100.511635,22.4,0.62,-172.7,-73.1,-46.1,313.9,0.01,0.01,-0.05,24.91,95,0,1,0
2026-08-24T14:08:23,1787555303,13.822787,100.511635,22.4,0.62,-172.7,-73.1,-46.1,313.9,0.01,0.01,-0.05,24.91,95,0,1,0
2026-08-24T14:08:24,1787555304,13.822787,100.511635,22.4,0.62,-172.7,-73.1,-46.1,313.9,0.01,0.01,-0.05,24.91,95,0,1,0
2026-08-24T14:08:25,1787555305,13.822787,100.511635,22.4,0.62,-172.7,-73.1,-46.1,313.9,0.01,0.01,-0.05,24.91,95,0,1,0
2026-08-24T14:08:26,1787555306,13.822787,100.511635,22.4,0.62,-172.7,-73.1,-46.1,313.9,0.01,0.01,-0.05,24.91,95,POSCTL,0,0
2026-08-24T14:08:27,1787555307,13.822782,100.511637,22.4,0.62,-171.4,-0.5,-51.8,308.2,0.01,0.01,-0.05,24.91,95,POSCTL,0,0
2026-08-24T14:08:28,1787555308,13.822782,100.511637,22.4,0.62,-171.4,-0.5,-51.8,308.2,0.01,0.01,-0.05,24.91,95,POSCTL,0,0
2026-08-24T14:08:29,1787555309,13.822782,100.511637,22.4,0.62,-171.4,-0.5,-51.8,308.2,0.01,0.01,-0.05,24.91,95,POSCTL,0,0
2026-08-24T14:08:30,1787555310,13.822782,100.511637,22.4,0.62,-171.5,-9.9,-50.3,309.7,0.01,0.01,-0.05,24.91,95,0,1,0
2026-08-24T14:08:31,1787555311,13.822778,100.51165,22.4,0.62,-171.5,-9.9,-50.3,309.7,0.01,0.01,-0.05,24.91,95,POSCTL,0,0
2026-08-24T14:08:32,1787555312,13.822778,100.51165,22.4,0.62,-171.5,-9.9,-50.3,309.7,0.01,0.01,-0.05,24.91,95,0,1,0
2026-08-24T14:08:33,1787555313,13.822778,100.51165,22.4,0.62,-171.5,-9.9,-50.3,309.7,0.01,0.01,-0.05,24.91,95,0,1,0
2026-08-24T14:08:34,1787555314,13.822778,100.51165,22.4,0.62,-171.5,-9.9,-50.3,309.7,0.01,0.01,-0.05,24.91,95,0,1,0
2026-08-24T14:08:35,1787555315,13.822778,100.51165,22.4,0.62,-171.5,-9.9,-50.3,309.7,0.01,0.01,-0.05,24.91,95,0,1,0
2026-08-24T14:08:36,1787555316,13.822778,100.51165,22.4,0.62,-171.5,-9.9,-50.3,309.7,0.01,0.01,-0.05,24.91,95,0,1,0
2026-08-24T14:08:37,1787555317,13.822778,100.51165,22.4,0.62,-171.5,-9.9,-50.3,309.7,0.01,0.01,-0.05,24.91,95,POSCTL,0,0
2026-08-24T14:08:38,1787555318,13.822778,100.51165,22.4,0.62,-171.5,-9.9,-50.3,309.7,0.01,0.01,-0.05,24.91,95,POSCTL,0,0
2026-08-24T14:08:39,1787555319,13.822778,100.51165,22.4,0.62,-171.5,-9.9,-50.3,309.7,0.01,0.01,-0.05,24.91,95,POSCTL,0,0
2026-08-24T14:08:40,1787555320,13.822778,100.51165,22.4,0.62,0.5,-23.8,138.6,138.6,0.01,0.01,-0.05,24.91,95,POSCTL,0,0
2026-08-24T14:08:41,1787555321,13.822771,100.511659,22.4,0.62,0.5,-23.8,138.6,138.6,0.01,0.01,-0.05,24.91,95,POSCTL,0,0
2026-08-24T14:08:42,1787555322,13.822771,100.511659,22.4,0.62,0.5,-23.8,138.6,138.6,0.01,0.01,-0.05,24.91,95,POSCTL,0,0
2026-08-24T14:08:43,1787555323,13.822771,100.511659,22.4,0.62,0.5,-23.8,138.6,138.6,0.01,0.01,-0.05,24.91,95,POSCTL,0,0
2026-08-24T14:08:44,1787555324,13.822771,100.511659,22.4,0.62,0.5,-23.8,138.6,138.6,0.01,0.01,-0.05,24.91,95,POSCTL,0,0
2026-08-24T14:08:45,1787555325,13.822771,100.511659,22.4,0.62,0.5,-23.8,138.6,138.6,0.01,0.01,-0.05,24.91,95,POSCTL,0,0
2026-08-24T14:08:46,1787555326,13.822771,100.511659,22.4,0.62,0.5,-23.8,138.6,138.6,0.01,0.01,-0.05,24.91,95,POSCTL,0,0
2026-08-24T14:08:47,1787555327,13.822771,100.511659,22.4,0.62,0.5,-23.8,138.6,138.6,0.01,0.01,-0.05,24.91,95,POSCTL,0,0
2026-08-24T14:08:48,1787555328,13.822771,100.511659,22.4,0.62,0.5,-23.8,138.6,138.6,0.01,0.01,-0.05,24.91,95,POSCTL,0,0
2026-08-24T14:08:49,1787555329,13.822771,100.511659,22.4,0.62,0.5,-23.8,138.6,138.6,0.01,0.01,-0.05,24.91,95,POSCTL,0,0
2026-08-24T14:08:50,1787555330,13.822771,100.511659,22.4,0.62,-3.7,-7.0,13.6,13.6,0.01,0.01,-0.05,24.91,95,0,1,0
2026-08-24T14:08:51,1787555331,13.822788,100.511644,22.4,0.62,-3.7,-7.0,13.6,13.6,0.01,0.01,-0.05,24.91,95,POSCTL,0,0
2026-08-24T14:08:52,1787555332,13.822788,100.511644,22.4,0.62,-3.7,-7.0,13.6,13.6,0.01,0.01,-0.05,24.91,95,POSCTL,0,0
2026-08-24T14:08:53,1787555333,13.822788,100.511644,22.4,0.62,-3.7,-7.0,13.6,13.6,0.01,0.01,-0.05,24.91,95,POSCTL,0,0
2026-08-24T14:08:54,1787555334,13.822788,100.511644,22.4,0.62,-3.7,-7.0,13.6,13.6,0.01,0.01,-0.05,24.91,95,POSCTL,0,0
2026-08-24T14:08:55,1787555335,13.822788,100.511644,22.4,0.62,-3.7,-7.0,13.6,13.6,0.01,0.01,-0.05,24.91,95,POSCTL,0,0
2026-08-24T14:08:56,1787555336,13.822788,100.511644,22.4,0.62,-3.7,-7.0,13.6,13.6,0.01,0.01,-0.05,24.91,95,POSCTL,0,0
2026-08-24T14:08:58,1787555338,13.822788,100.511644,22.4,0.62,-3.7,-7.0,13.6,13.6,0.01,0.01,-0.05,24.91,95,POSCTL,0,0
2026-08-24T14:08:59,1787555339,13.822788,100.511644,22.4,0.62,-2.9,-8.9,-13.9,346.1,0.01,0.01,-0.05,24.91,95,POSCTL,0,0
2026-08-24T14:09:00,1787555340,13.822788,100.511644,22.4,0.62,-2.9,-8.9,-13.9,346.1,0.01,0.01,-0.05,24.91,95,POSCTL,0,0
2026-08-24T14:09:01,1787555341,13.822788,100.511644,22.4,0.62,-2.9,-8.9,-13.9,346.1,0.01,0.01,-0.05,24.91,95,POSCTL,0,0
2026-08-24T14:09:02,1787555342,13.822788,100.511644,22.4,0.62,-2.9,-8.9,-13.9,346.1,0.01,0.01,-0.05,24.91,95,POSCTL,0,0
2026-08-24T14:09:03,1787555343,13.822788,100.511644,22.4,0.62,-2.9,-8.9,-13.9,346.1,0.01,0.01,-0.05,24.91,95,0,1,0
2026-08-24T14:09:04,1787555344,13.822788,100.511644,22.4,0.62,-2.9,-8.9,-13.9,346.1,0.01,0.01,-0.05,24.91,95,0,1,0
2026-08-24T14:09:05,1787555345,13.822788,100.511644,22.4,0.62,-2.9,-8.9,-13.9,346.1,0.01,0.01,-0.05,24.91,95,0,1,0
2026-08-24T14:09:06,1787555346,13.822788,100.511644,22.4,0.62,-2.9,-8.9,-13.9,346.1,0.01,0.01,-0.05,24.91,95,POSCTL,0,0
2026-08-24T14:09:07,1787555347,13.822788,100.511644,22.4,0.62,-2.9,-8.9,-13.9,346.1,0.01,0.01,-0.05,24.91,95,0,1,0
2026-08-24T14:09:08,1787555348,13.822788,100.511644,22.4,0.62,-2.9,-8.9,-13.9,346.1,0.01,0.01,-0.05,24.91,95,POSCTL,0,0
2026-08-24T14:09:09,1787555349,13.822795,100.511628,22.4,0.62,177.4,4.7,-0.3,359.7,0.01,0.01,-0.05,24.91,95,POSCTL,0,0
2026-08-24T14:09:10,1787555350,13.822795,100.511628,22.4,0.62,177.4,4.7,-0.3,359.7,0.01,0.01,-0.05,24.91,95,0,1,0
2026-08-24T14:09:11,1787555351,13.822795,100.511628,22.4,0.62,177.4,4.7,-0.3,359.7,0.01,0.01,-0.05,24.91,95,POSCTL,0,0
2026-08-24T14:09:12,1787555352,13.822795,100.511628,22.4,0.62,177.4,4.7,-0.3,359.7,0.01,0.01,-0.05,24.91,95,POSCTL,0,0
2026-08-24T14:09:13,1787555353,13.822795,100.511628,22.4,0.62,177.4,4.7,-0.3,359.7,0.01,0.01,-0.05,24.91,95,POSCTL,0,0
2026-08-24T14:09:14,1787555354,13.822795,100.511628,22.4,0.62,177.4,4.7,-0.3,359.7,0.01,0.01,-0.05,24.91,95,POSCTL,0,0
2026-08-24T14:09:15,1787555355,13.822795,100.511628,22.4,0.62,177.4,4.7,-0.3,359.7,0.01,0.01,-0.05,24.91,95,POSCTL,0,0
2026-08-24T14:09:16,1787555356,13.822795,100.511628,22.4,0.62,177.4,4.7,-0.3,359.7,0.01,0.01,-0.05,24.91,95,POSCTL,0,0
2026-08-24T14:09:17,1787555357,13.822795,100.511628,22.4,0.62,177.4,4.7,-0.3,359.7,0.01,0.01,-0.05,24.91,95,POSCTL,0,0
2026-08-24T14:09:18,1787555358,13.8228,100.511644,22.4,0.62,177.4,4.7,-0.3,359.7,0.01,0.01,-0.05,24.91,95,POSCTL,0,0
2026-08-24T14:09:19,1787555359,13.8228,100.511644,22.4,0.62,177.4,4.7,-0.3,359.7,0.01,0.01,-0.05,24.91,95,POSCTL,0,0
2026-08-24T14:09:20,1787555360,13.8228,100.511644,22.4,0.62,177.4,4.7,-0.3,359.7,0.01,0.01,-0.05,24.91,95,POSCTL,0,0
2026-08-24T14:09:21,1787555361,13.8228,100.511644,22.4,0.62,177.4,4.7,-0.3,359.7,0.01,0.01,-0.05,24.91,95,POSCTL,0,0
2026-08-24T14:09:22,1787555362,13.8228,100.511644,22.4,0.62,177.4,4.7,-0.3,359.7,0.01,0.01,-0.05,24.91,95,POSCTL,0,0
2026-08-24T14:09:23,1787555363,13.8228,100.511644,22.4,0.62,177.4,4.7,-0.3,359.7,0.01,0.01,-0.05,24.91,95,0,1,0
2026-08-24T14:09:24,1787555364,13.8228,100.511644,22.4,0.62,177.4,4.7,-0.3,359.7,0.01,0.01,-0.05,24.91,95,POSCTL,0,0
2026-08-24T14:09:25,1787555365,13.8228,100.511644,22.4,0.62,177.4,4.7,-0.3,359.7,0.01,0.01,-0.05,24.91,95,POSCTL,0,0
2026-08-24T14:09:26,1787555366,13.8228,100.511644,22.4,0.62,177.4,4.7,-0.3,359.7,0.01,0.01,-0.05,24.91,95,POSCTL,0,0
2026-08-24T14:09:27,1787555367,13.8228,100.511644,22.4,0.62,-138.7,-72.8,121.5,121.5,0.01,0.01,-0.05,24.91,95,0,1,0
2026-08-24T14:09:28,1787555368,13.8228,100.511644,22.4,0.62,-138.7,-72.8,121.5,121.5,0.01,0.01,-0.05,24.91,95,POSCTL,0,0
2026-08-24T14:09:29,1787555369,13.8228,100.511644,22.4,0.62,-138.7,-72.8,121.5,121.5,0.01,0.01,-0.05,24.91,95,0,1,0
2026-08-24T14:09:30,1787555370,13.8228,100.511644,22.4,0.62,-138.7,-72.8,121.5,121.5,0.01,0.01,-0.05,24.91,95,POSCTL,0,0
2026-08-24T14:09:31,1787555371,13.822872,100.511634,22.4,0.62,-138.7,-72.8,121.5,121.5,0.01,0.01,-0.05,24.91,95,0,1,0
2026-08-24T14:09:32,1787555372,13.822872,100.511634,22.4,0.62,-138.7,-72.8,121.5,121.5,0.01,0.01,-0.05,24.91,95,POSCTL,0,0
2026-08-24T14:09:33,1787555373,13.822872,100.511634,22.4,0.62,-138.7,-72.8,121.5,121.5,0.01,0.01,-0.05,24.91,95,0,1,0
2026-08-24T14:09:34,1787555374,13.822872,100.511634,22.4,0.62,-138.7,-72.8,121.5,121.5,0.01,0.01,-0.05,24.91,95,POSCTL,0,0
2026-08-24T14:09:35,1787555375,13.822872,100.511634,22.4,0.62,-138.7,-72.8,121.5,121.5,0.01,0.01,-0.05,24.91,95,POSCTL,0,0
2026-08-24T14:09:36,1787555376,13.822872,100.511634,22.4,0.62,-138.7,-72.8,121.5,121.5,0.01,0.01,-0.05,24.91,95,POSCTL,0,0
2026-08-24T14:09:37,1787555377,13.822872,100.511634,22.4,0.62,-93.9,-61.6,73.5,73.5,0.01,0.01,-0.05,24.91,95,POSCTL,0,0
2026-08-24T14:09:38,1787555378,13.822872,100.511634,22.4,0.62,-93.9,-61.6,73.5,73.5,0.01,0.01,-0.05,24.91,95,POSCTL,0,0
2026-08-24T14:09:39,1787555379,13.822872,100.511634,22.4,0.62,-93.9,-61.6,73.5,73.5,0.01,0.01,-0.05,24.91,95,POSCTL,0,0
2026-08-24T14:09:40,1787555380,13.822872,100.511634,22.4,0.62,-93.9,-61.6,73.5,73.5,0.01,0.01,-0.05,24.91,95,POSCTL,0,0
2026-08-24T14:09:41,1787555381,13.822872,100.511634,22.4,0.62,-93.9,-61.6,73.5,73.5,0.01,0.01,-0.05,24.91,95,POSCTL,0,0
2026-08-24T14:09:42,1787555382,13.822872,100.511634,22.4,0.62,-93.9,-61.6,73.5,73.5,0.01,0.01,-0.05,24.91,95,0,1,0
2026-08-24T14:09:43,1787555383,13.822872,100.511634,22.4,0.62,-93.9,-61.6,73.5,73.5,0.01,0.01,-0.05,24.91,95,0,1,0
2026-08-24T14:09:44,1787555384,13.822872,100.511634,22.4,0.62,-93.9,-61.6,73.5,73.5,0.01,0.01,-0.05,24.91,95,0,1,0
2026-08-24T14:09:45,1787555385,13.822872,100.511634,22.4,0.62,-83.7,74.1,-53.8,306.2,0.01,0.01,-0.05,24.91,95,POSCTL,0,0
2026-08-24T14:09:46,1787555386,13.822872,100.511634,22.4,0.62,-83.7,74.1,-53.8,306.2,0.01,0.01,-0.05,24.91,95,0,1,0
2026-08-24T14:09:47,1787555387,13.822872,100.511634,22.4,0.62,-83.7,74.1,-53.8,306.2,0.01,0.01,-0.05,24.91,95,0,1,0
2026-08-24T14:09:48,1787555388,13.82277,100.511611,22.4,0.62,-83.7,74.1,-53.8,306.2,0.01,0.01,-0.05,24.91,95,0,1,0
2026-08-24T14:09:49,1787555389,13.82277,100.511611,22.4,0.62,-83.7,74.1,-53.8,306.2,0.01,0.01,-0.05,24.91,95,POSCTL,0,0
2026-08-24T14:09:50,1787555390,13.82277,100.511611,22.4,0.62,-83.7,74.1,-53.8,306.2,0.01,0.01,-0.05,24.91,95,POSCTL,0,0
2026-08-24T14:09:51,1787555391,13.82277,100.511611,22.4,0.62,-83.7,74.1,-53.8,306.2,0.01,0.01,-0.05,24.91,95,POSCTL,0,0
2026-08-24T14:09:52,1787555392,13.82277,100.511611,22.4,0.62,-83.7,74.1,-53.8,306.2,0.01,0.01,-0.05,24.91,95,POSCTL,0,0
2026-08-24T14:09:53,1787555393,13.82277,100.511611,22.4,0.62,-83.7,74.1,-53.8,306.2,0.01,0.01,-0.05,24.91,95,0,1,0
2026-08-24T14:09:54,1787555394,13.82277,100.511611,22.4,0.62,-83.7,74.1,-53.8,306.2,0.01,0.01,-0.05,24.91,95,POSCTL,0,0
2026-08-24T14:09:55,1787555395,13.82277,100.511611,22.4,0.62,-94.2,-8.6,-15.2,344.8,0.01,0.01,-0.05,24.91,95,POSCTL,0,0
2026-08-24T14:09:56,1787555396,13.82277,100.511611,22.4,0.62,-94.2,-8.6,-15.2,344.8,0.01,0.01,-0.05,24.91,95,POSCTL,0,0
2026-08-24T14:09:57,1787555397,13.822809,100.511635,22.4,0.62,-94.2,-8.6,-15.2,344.8,0.01,0.01,-0.05,24.91,95,POSCTL,0,0
2026-08-24T14:09:58,1787555398,13.822809,100.511635,22.4,0.62,-94.2,-8.6,-15.2,344.8,0.01,0.01,-0.05,24.91,95,POSCTL,0,0
2026-08-24T14:09:59,1787555399,13.822809,100.511635,22.4,0.62,-94.2,-8.6,-15.2,344.8,0.01,0.01,-0.05,24.91,95,POSCTL,0,0
2026-08-24T14:10:00,1787555400,13.822809,100.511635,22.4,0.62,-94.2,-8.6,-15.2,344.8,0.01,0.01,-0.05,24.91,95,POSCTL,0,0
2026-08-24T14:10:01,1787555401,13.822809,100.511635,22.4,0.62,-94.2,-8.6,-15.2,344.8,0.01,0.01,-0.05,24.91,95,POSCTL,0,0
2026-08-24T14:10:02,1787555402,13.822809,100.511635,22.4,0.62,-94.2,-8.6,-15.2,344.8,0.01,0.01,-0.05,24.91,95,POSCTL,0,0
2026-08-24T14:10:03,1787555403,13.822809,100.511635,22.4,0.62,-94.2,-8.6,-15.2,344.8,0.01,0.01,-0.05,24.91,95,POSCTL,0,0
2026-08-24T14:10:04,1787555404,13.822809,100.511635,22.4,0.62,-94.2,-8.6,-15.2,344.8,0.01,0.01,-0.05,24.91,95,POSCTL,0,0
2026-08-24T14:10:05,1787555405,13.822809,100.511635,22.4,0.62,-85.3,-7.9,-37.9,322.1,0.01,0.01,-0.05,24.91,95,POSCTL,0,0
2026-08-24T14:10:06,1787555406,13.822809,100.511635,22.4,0.62,-85.3,-7.9,-37.9,322.1,0.01,0.01,-0.05,24.91,95,0,1,0
2026-08-24T14:10:07,1787555407,13.822809,100.511635,22.4,0.62,-85.3,-7.9,-37.9,322.1,0.01,0.01,-0.05,24.91,95,POSCTL,0,0
2026-08-24T14:10:08,1787555408,13.822809,100.511635,22.4,0.62,-85.3,-7.9,-37.9,322.1,0.01,0.01,-0.05,24.91,95,POSCTL,0,0
2026-08-24T14:10:09,1787555409,13.822809,100.511635,22.4,0.62,-85.3,-7.9,-37.9,322.1,0.01,0.01,-0.05,24.91,95,POSCTL,0,0
2026-08-24T14:10:10,1787555410,13.822809,100.511635,22.4,0.62,-85.3,-7.9,-37.9,322.1,0.01,0.01,-0.05,24.91,95,0,1,0
2026-08-24T14:10:11,1787555411,13.822809,100.511635,22.4,0.62,-85.3,-7.9,-37.9,322.1,0.01,0.01,-0.05,24.91,95,0,1,0
2026-08-24T14:10:12,1787555412,13.822809,100.511635,22.4,0.62,-85.3,-7.9,-37.9,322.1,0.01,0.01,-0.05,24.91,95,0,1,0
2026-08-24T14:10:13,1787555413,13.822809,100.511635,22.4,0.62,-85.3,-7.9,-37.9,322.1,0.01,0.01,-0.05,24.91,95,POSCTL,0,0
2026-08-24T14:10:14,1787555414,13.822809,100.511635,22.4,0.62,-85.3,-7.9,-37.9,322.1,0.01,0.01,-0.05,24.91,95,POSCTL,0,0
2026-08-24T14:10:15,1787555415,13.822809,100.511635,22.4,0.62,65.4,-7.8,-58.1,301.9,0.01,0.01,-0.05,24.91,95,POSCTL,0,0
2026-08-24T14:10:16,1787555416,13.822831,100.51164,22.4,0.62,65.4,-7.8,-58.1,301.9,0.01,0.01,-0.05,24.91,95,0,1,0
2026-08-24T14:10:17,1787555417,13.822831,100.51164,22.4,0.62,65.4,-7.8,-58.1,301.9,0.01,0.01,-0.05,24.91,95,0,1,0
2026-08-24T14:10:18,1787555418,13.822831,100.51164,22.4,0.62,65.4,-7.8,-58.1,301.9,0.01,0.01,-0.05,24.91,95,0,1,0
2026-08-24T14:10:19,1787555419,13.822831,100.51164,22.4,0.62,65.4,-7.8,-58.1,301.9,0.01,0.01,-0.05,24.91,95,0,1,0
2026-08-24T14:10:20,1787555420,13.822831,100.51164,22.4,0.62,65.4,-7.8,-58.1,301.9,0.01,0.01,-0.05,24.91,95,0,1,0
2026-08-24T14:10:21,1787555421,13.822831,100.51164,22.4,0.62,65.4,-7.8,-58.1,301.9,0.01,0.01,-0.05,24.91,95,POSCTL,0,0
2026-08-24T14:10:22,1787555422,13.822831,100.51164,22.4,0.62,65.4,-7.8,-58.1,301.9,0.01,0.01,-0.05,24.91,95,POSCTL,0,0
2026-08-24T14:10:23,1787555423,13.822831,100.51164,22.4,0.62,65.4,-7.8,-58.1,301.9,0.01,0.01,-0.05,24.91,95,POSCTL,0,0
2026-08-24T14:10:24,1787555424,13.822831,100.51164,22.4,0.62,65.4,-7.8,-58.1,301.9,0.01,0.01,-0.05,24.91,95,POSCTL,0,0
2026-08-24T14:10:25,1787555425,13.822831,100.51164,22.4,0.62,65.4,-7.8,-58.1,301.9,0.01,0.01,-0.05,24.91,95,POSCTL,0,0
2026-08-24T14:10:26,1787555426,13.822831,100.51164,22.4,0.62,33.5,-14.4,-51.3,308.7,0.01,0.01,-0.05,24.91,95,POSCTL,0,0
2026-08-24T14:10:27,1787555427,13.822831,100.51164,22.4,0.62,33.5,-14.4,-51.3,308.7,0.01,0.01,-0.05,24.91,95,0,1,0
2026-08-24T14:10:28,1787555428,13.822831,100.51164,22.4,0.62,33.5,-14.4,-51.3,308.7,0.01,0.01,-0.05,24.91,95,0,1,0
2026-08-24T14:10:29,1787555429,13.822831,100.51164,22.4,0.62,33.5,-14.4,-51.3,308.7,0.01,0.01,-0.05,24.91,95,0,1,0
2026-08-24T14:10:30,1787555430,13.822831,100.51164,22.4,0.62,33.5,-14.4,-51.3,308.7,0.01,0.01,-0.05,24.91,95,0,1,0
2026-08-24T14:10:31,1787555431,13.822831,100.51164,22.4,0.62,-3.0,-1.9,-17.5,342.5,0.01,0.01,-0.05,24.91,95,0,1,0
2026-08-24T14:10:32,1787555432,13.822831,100.51164,22.4,0.62,-3.0,-1.9,-17.5,342.5,0.01,0.01,-0.05,24.91,95,0,1,0
2026-08-24T14:10:33,1787555433,13.822831,100.51164,22.4,0.62,-3.0,-1.9,-17.5,342.5,0.01,0.01,-0.05,24.91,95,0,1,0
2026-08-24T14:10:34,1787555434,13.822831,100.51164,22.4,0.62,-3.0,-1.9,-17.5,342.5,0.01,0.01,-0.05,24.91,95,0,1,0
2026-08-24T14:10:35,1787555435,13.822831,100.51164,22.4,0.62,-3.0,-1.9,-17.5,342.5,0.01,0.01,-0.05,24.91,95,POSCTL,0,0
2026-08-24T14:10:36,1787555436,13.82281,100.511635,11.4,4.52,-3.0,-1.9,-17.5,342.5,-0.07,0.09,-0.11,24.91,95,POSCTL,0,0
2026-08-24T14:10:37,1787555437,13.82281,100.511635,11.4,4.52,-3.0,-1.9,-17.5,342.5,-0.07,0.09,-0.11,24.91,95,POSCTL,0,0
2026-08-24T14:10:38,1787555438,13.82281,100.511635,11.4,4.52,-3.0,-1.9,-17.5,342.5,-0.07,0.09,-0.11,24.91,95,POSCTL,0,0
2026-08-24T14:10:39,1787555439,13.82281,100.511635,11.4,4.52,-3.0,-1.9,-17.5,342.5,-0.07,0.09,-0.11,24.91,95,POSCTL,0,0
2026-08-24T14:10:40,1787555440,13.82281,100.511635,11.4,4.52,-3.0,-1.9,-17.5,342.5,-0.07,0.09,-0.11,24.91,95,POSCTL,0,0
2026-08-24T14:10:41,1787555441,13.82281,100.511635,11.4,4.52,-3.0,-1.9,-17.5,342.5,-0.07,0.09,-0.11,24.91,95,POSCTL,0,0
2026-08-24T14:10:42,1787555442,13.822807,100.511634,11.3,-0.14,-3.0,-1.9,-17.5,342.5,-0.24,0.18,-0.12,24.91,95,0,1,0
2026-08-24T14:10:43,1787555443,13.822807,100.511634,11.3,-0.14,-3.0,-1.9,-17.5,342.5,-0.24,0.18,-0.12,24.91,95,POSCTL,0,0
2026-08-24T14:10:44,1787555444,13.822807,100.511634,11.3,-0.14,-0.2,-1.0,-11.0,349.0,-0.24,0.18,-0.12,24.91,95,POSCTL,0,0
2026-08-24T14:10:45,1787555445,13.822804,100.511629,11.3,-0.14,-0.2,-1.0,-11.0,349.0,-0.24,0.18,-0.12,24.91,95,POSCTL,0,0
2026-08-24T14:10:46,1787555446,13.822804,100.511629,11.3,-0.14,-0.2,-1.0,-11.0,349.0,-0.24,0.18,-0.12,24.91,95,POSCTL,0,0
2026-08-24T14:10:47,1787555447,13.822804,100.511629,11.3,-0.14,-0.2,-1.0,-11.0,349.0,-0.24,0.18,-0.12,24.91,95,POSCTL,0,0
2026-08-24T14:10:48,1787555448,13.822804,100.511629,11.3,-0.14,-0.2,-1.0,-11.0,349.0,-0.24,0.18,-0.12,24.91,95,POSCTL,0,0
2026-08-24T14:10:49,1787555449,13.822804,100.511629,11.3,-0.14,-0.2,-1.0,-11.0,349.0,-0.24,0.18,-0.12,24.91,95,POSCTL,0,0
2026-08-24T14:10:50,1787555450,13.822804,100.511629,11.3,-0.14,-0.2,-1.0,-11.0,349.0,-0.24,0.18,-0.12,24.91,95,POSCTL,0,0
2026-08-24T14:10:51,1787555451,13.8228,100.511628,11.3,-0.14,95.2,-1.0,-9.9,350.1,-0.24,0.18,-0.12,24.91,95,POSCTL,0,0
2026-08-24T14:10:52,1787555452,13.8228,100.511624,11.0,0.0,95.2,-1.0,-9.9,350.1,-0.22,-0.68,0.22,24.91,95,POSCTL,0,0
2026-08-24T14:10:53,1787555453,13.8228,100.511624,11.0,0.0,95.2,-1.0,-9.9,350.1,-0.22,-0.68,0.22,24.91,95,POSCTL,0,0
2026-08-24T14:10:54,1787555454,13.8228,100.511624,11.0,0.0,95.2,-1.0,-9.9,350.1,-0.22,-0.68,0.22,24.91,95,0,1,0
2026-08-24T14:10:55,1787555455,13.8228,100.511624,11.0,0.0,95.2,-1.0,-9.9,350.1,-0.22,-0.68,0.22,24.91,95,0,1,0
2026-08-24T14:10:56,1787555456,13.8228,100.511624,11.0,0.0,95.2,-1.0,-9.9,350.1,-0.22,-0.68,0.22,24.91,95,0,1,0
2026-08-24T14:10:57,1787555457,13.8228,100.511624,11.0,0.0,95.2,-1.0,-9.9,350.1,-0.22,-0.68,0.22,24.91,95,0,1,0
2026-08-24T14:10:58,1787555458,13.8228,100.511624,11.0,0.0,172.3,1.9,-24.2,335.8,-0.22,-0.68,0.22,24.91,95,POSCTL,0,0
2026-08-24T14:10:59,1787555459,13.822798,100.511633,11.0,0.0,172.3,1.9,-24.2,335.8,-0.22,-0.68,0.22,24.91,95,POSCTL,0,0
2026-08-24T14:11:00,1787555460,13.822798,100.511633,11.0,0.0,172.3,1.9,-24.2,335.8,-0.22,-0.68,0.22,24.91,95,0,1,0
2026-08-24T14:11:01,1787555461,13.822799,100.511632,18.4,0.98,172.3,1.9,-24.2,335.8,0.28,0.47,-2.48,24.91,95,0,1,0
2026-08-24T14:11:02,1787555462,13.822799,100.511632,18.4,0.98,172.3,1.9,-24.2,335.8,0.28,0.47,-2.48,24.91,95,POSCTL,0,0
2026-08-24T14:11:03,1787555463,13.822799,100.511632,18.4,0.98,172.3,1.9,-24.2,335.8,0.28,0.47,-2.48,24.91,95,POSCTL,0,0
2026-08-24T14:11:04,1787555464,13.822799,100.511632,18.4,0.98,172.3,1.9,-24.2,335.8,0.28,0.47,-2.48,24.91,95,POSCTL,0,0
2026-08-24T14:11:05,1787555465,13.822799,100.511632,18.4,0.98,172.3,1.9,-24.2,335.8,0.28,0.47,-2.48,24.91,95,POSCTL,0,0
2026-08-24T14:11:06,1787555466,13.822799,100.511632,18.4,0.98,172.3,1.9,-24.2,335.8,0.28,0.47,-2.48,24.91,95,POSCTL,0,0
2026-08-24T14:11:07,1787555467,13.822799,100.511632,18.4,0.98,172.3,1.9,-24.2,335.8,0.28,0.47,-2.48,24.91,95,POSCTL,0,0
2026-08-24T14:11:08,1787555468,13.822799,100.511632,18.4,0.98,107.8,-85.0,-57.5,302.5,0.28,0.47,-2.48,24.91,95,POSCTL,0,0
2026-08-24T14:11:09,1787555469,13.822803,100.511646,17.6,-1.36,107.8,-85.0,-57.5,302.5,-0.02,0.18,-0.26,24.91,95,POSCTL,0,0
2026-08-24T14:11:10,1787555470,13.822803,100.511646,17.6,-1.36,107.8,-85.0,-57.5,302.5,-0.02,0.18,-0.26,24.91,95,POSCTL,0,0
2026-08-24T14:11:11,1787555471,13.822803,100.511646,17.6,-1.36,107.8,-85.0,-57.5,302.5,-0.02,0.18,-0.26,24.91,95,POSCTL,0,0
2026-08-24T14:11:12,1787555472,13.822803,100.511646,17.6,-1.36,47.2,-86.7,3.0,3.0,-0.02,0.18,-0.26,24.91,95,POSCTL,0,0
2026-08-24T14:11:13,1787555473,13.822809,100.511647,16.3,-1.13,47.2,-86.7,3.0,3.0,0.08,-0.13,0.16,24.91,95,POSCTL,0,0
2026-08-24T14:11:14,1787555474,13.822809,100.511647,16.3,-1.13,47.2,-86.7,3.0,3.0,0.08,-0.13,0.16,24.91,95,POSCTL,0,0
2026-08-24T14:11:15,1787555475,13.822809,100.511647,16.3,-1.13,47.2,-86.7,3.0,3.0,0.08,-0.13,0.16,24.91,95,0,1,0
2026-08-24T14:11:16,1787555476,13.822809,100.511647,16.3,-1.13,-153.9,-85.4,-142.7,217.3,0.08,-0.13,0.16,24.91,95,POSCTL,0,0
2026-08-24T14:11:17,1787555477,13.822809,100.511647,16.3,-1.13,-153.9,-85.4,-142.7,217.3,0.08,-0.13,0.16,24.91,95,POSCTL,0,0
2026-08-24T14:11:18,1787555478,13.822809,100.511647,16.3,-1.13,-153.9,-85.4,-142.7,217.3,0.08,-0.13,0.16,24.91,95,POSCTL,0,0
2026-08-24T14:11:19,1787555479,13.822809,100.511647,16.3,-1.13,-171.7,-87.3,-134.4,225.6,0.08,-0.13,0.16,24.91,95,POSCTL,0,0
2026-08-24T14:11:20,1787555480,13.822823,100.51165,15.4,-0.18,-171.7,-87.3,-134.4,225.6,0.1,-0.3,0.06,24.91,95,POSCTL,0,0
2026-08-24T14:11:21,1787555481,13.822823,100.51165,15.4,-0.18,-171.7,-87.3,-134.4,225.6,0.1,-0.3,0.06,24.91,95,POSCTL,0,0
2026-08-24T14:11:22,1787555482,13.822823,100.51165,15.4,-0.18,-171.7,-87.3,-134.4,225.6,0.1,-0.3,0.06,24.91,95,POSCTL,0,0
2026-08-24T14:11:23,1787555483,13.822823,100.51165,15.4,-0.18,-178.2,-86.5,-146.8,213.2,0.1,-0.3,0.06,24.91,95,POSCTL,0,0
2026-08-24T14:11:24,1787555484,13.82282,100.51165,14.7,-0.92,-178.2,-86.5,-146.8,213.2,0.06,-0.04,0.14,24.91,95,POSCTL,0,0
2026-08-24T14:11:25,1787555485,13.82282,100.51165,14.7,-0.92,-178.2,-86.5,-146.8,213.2,0.06,-0.04,0.14,24.91,95,POSCTL,0,0
2026-08-24T14:11:26,1787555486,13.82282,100.51165,14.7,-0.92,-178.2,-86.5,-146.8,213.2,0.06,-0.04,0.14,24.91,95,POSCTL,0,0
2026-08-24T14:11:27,1787555487,13.82282,100.51165,14.7,-0.92,-178.2,-86.5,-146.8,213.2,0.06,-0.04,0.14,24.91,95,0,1,0
2026-08-24T14:11:28,1787555488,13.82282,100.51165,14.7,-0.92,-158.4,-85.0,-166.8,193.2,0.06,-0.04,0.14,24.91,95,POSCTL,0,0
2026-08-24T14:11:29,1787555489,13.822829,100.511645,14.7,-0.92,-158.4,-85.0,-166.8,193.2,0.06,-0.04,0.14,24.91,95,0,1,0
2026-08-24T14:11:30,1787555490,13.822829,100.511645,14.7,-0.92,-158.4,-85.0,-166.8,193.2,0.06,-0.04,0.14,24.91,95,0,1,0
2026-08-24T14:11:31,1787555491,13.822829,100.511645,14.7,-0.92,-158.4,-85.0,-166.8,193.2,0.06,-0.04,0.14,24.91,95,POSCTL,0,0
2026-08-24T14:11:32,1787555492,13.822829,100.511645,14.7,-0.92,-65.1,15.4,4.2,4.2,0.06,-0.04,0.14,24.91,95,POSCTL,0,0
2026-08-24T14:11:33,1787555493,13.822829,100.511645,14.7,-0.92,-65.1,15.4,4.2,4.2,0.06,-0.04,0.14,24.91,95,POSCTL,0,0
2026-08-24T14:11:34,1787555494,13.822829,100.511645,14.7,-0.92,-65.1,15.4,4.2,4.2,0.06,-0.04,0.14,24.91,95,0,1,0
2026-08-24T14:11:35,1787555495,13.822829,100.511645,14.7,-0.92,-65.1,15.4,4.2,4.2,0.06,-0.04,0.14,24.91,95,0,1,0
2026-08-24T14:11:36,1787555496,13.822829,100.511645,14.7,-0.92,-65.1,15.4,4.2,4.2,0.06,-0.04,0.14,24.91,95,POSCTL,0,0
2026-08-24T14:11:37,1787555497,13.822834,100.511639,14.7,-0.92,-32.3,79.1,10.4,10.4,0.06,-0.04,0.14,24.91,95,0,1,0
2026-08-24T14:11:38,1787555498,13.822834,100.511639,14.7,-0.92,-32.3,79.1,10.4,10.4,0.06,-0.04,0.14,24.91,95,POSCTL,0,0
2026-08-24T14:11:39,1787555499,13.822834,100.511639,14.7,-0.92,-32.3,79.1,10.4,10.4,0.06,-0.04,0.14,24.91,95,POSCTL,0,0
2026-08-24T14:11:40,1787555500,13.822834,100.511639,14.7,-0.92,-32.3,79.1,10.4,10.4,0.06,-0.04,0.14,24.91,95,POSCTL,0,0
2026-08-24T14:11:41,1787555501,13.822838,100.511644,19.4,0.77,-32.3,79.1,10.4,10.4,0.07,0.08,-2.0,24.91,95,POSCTL,0,0
2026-08-24T14:11:42,1787555502,13.822838,100.511644,19.4,0.77,-32.3,79.1,10.4,10.4,0.07,0.08,-2.0,24.91,95,POSCTL,0,0
2026-08-24T14:11:43,1787555503,13.822838,100.511644,19.4,0.77,-32.3,79.1,10.4,10.4,0.07,0.08,-2.0,24.91,95,POSCTL,0,0
2026-08-24T14:11:44,1787555504,13.822838,100.511644,19.4,0.77,-32.3,79.1,10.4,10.4,0.07,0.08,-2.0,24.91,95,POSCTL,0,0
2026-08-24T14:11:45,1787555505,13.82284,100.511641,19.4,0.77,-32.3,79.1,10.4,10.4,0.07,0.08,-2.0,24.91,95,0,1,0
2026-08-24T14:11:46,1787555506,13.822842,100.511646,19.8,1.17,-85.5,0.0,-1.3,358.7,-0.1,0.19,-1.05,24.91,95,POSCTL,0,0
2026-08-24T14:11:47,1787555507,13.822842,100.511646,19.8,1.17,-85.5,0.0,-1.3,358.7,-0.1,0.19,-1.05,24.91,95,POSCTL,0,0
2026-08-24T14:11:48,1787555508,13.822842,100.511646,19.8,1.17,-85.5,0.0,-1.3,358.7,-0.1,0.19,-1.05,24.91,95,0,1,0
2026-08-24T14:11:49,1787555509,13.822842,100.511646,19.8,1.17,-83.2,-1.0,-4.2,355.8,-0.1,0.19,-1.05,24.91,95,POSCTL,0,0
2026-08-24T14:11:50,1787555510,13.822836,100.511634,19.8,1.17,-83.2,-1.0,-4.2,355.8,-0.1,0.19,-1.05,24.91,95,POSCTL,0,0
2026-08-24T14:11:51,1787555511,13.822838,100.511639,18.2,-0.38,-83.2,-1.0,-4.2,355.8,-0.09,0.0,-0.38,24.91,95,POSCTL,0,0
2026-08-24T14:11:52,1787555512,13.822838,100.511639,18.2,-0.38,-83.2,-1.0,-4.2,355.8,-0.09,0.0,-0.38,24.91,95,POSCTL,0,0
2026-08-24T14:11:54,1787555514,13.822838,100.511639,18.2,-0.38,-83.2,-1.0,-4.2,355.8,-0.09,0.0,-0.38,24.91,95,POSCTL,0,0
2026-08-24T14:11:55,1787555515,13.822838,100.511639,18.2,-0.38,-83.2,-1.0,-4.2,355.8,-0.09,0.0,-0.38,24.91,95,POSCTL,0,0
2026-08-24T14:11:56,1787555516,13.822812,100.511633,18.2,-0.38,68.6,0.8,-2.2,357.8,-0.09,0.0,-0.38,24.91,95,POSCTL,0,0
2026-08-24T14:11:57,1787555517,13.822821,100.51163,16.1,-0.23,68.6,0.8,-2.2,357.8,0.01,-0.35,-0.53,24.91,95,POSCTL,0,0
2026-08-24T14:11:58,1787555518,13.822821,100.51163,16.1,-0.23,68.6,0.8,-2.2,357.8,0.01,-0.35,-0.53,24.91,95,POSCTL,0,0
2026-08-24T14:11:59,1787555519,13.822821,100.51163,16.1,-0.23,67.7,0.1,-0.2,359.8,0.01,-0.35,-0.53,24.91,95,0,1,0
2026-08-24T14:12:00,1787555520,13.822821,100.51163,16.1,-0.23,67.7,0.1,-0.2,359.8,0.01,-0.35,-0.53,24.91,95,POSCTL,0,0
2026-08-24T14:12:01,1787555521,13.822804,100.511639,16.1,-0.23,80.6,3.5,-3.3,356.7,0.01,-0.35,-0.53,24.91,95,POSCTL,0,0
2026-08-24T14:12:02,1787555522,13.82281,100.511636,14.6,0.0,80.6,3.5,-3.3,356.7,-0.13,-0.04,-0.04,24.91,95,POSCTL,0,0
2026-08-24T14:12:03,1787555523,13.82281,100.511636,14.6,0.0,80.6,3.5,-3.3,356.7,-0.13,-0.04,-0.04,24.91,95,POSCTL,0,0
2026-08-24T14:12:04,1787555524,13.82281,100.511636,14.6,0.0,82.9,2.9,-2.4,357.6,-0.13,-0.04,-0.04,24.91,95,0,1,0
2026-08-24T14:12:05,1787555525,13.8228,100.511639,14.6,0.0,82.9,2.9,-2.4,357.6,-0.13,-0.04,-0.04,24.91,95,POSCTL,0,0
2026-08-24T14:12:06,1787555526,13.8228,100.511639,14.6,0.0,82.9,2.9,-2.4,357.6,-0.13,-0.04,-0.04,24.91,95,0,1,0
2026-08-24T14:12:07,1787555527,13.8228,100.511639,14.6,0.0,82.9,2.9,-2.4,357.6,-0.13,-0.04,-0.04,24.91,95,0,1,0
2026-08-24T14:12:08,1787555528,13.8228,100.511639,14.6,0.0,82.9,2.9,-2.4,357.6,-0.13,-0.04,-0.04,24.91,95,0,1,0
2026-08-24T14:12:09,1787555529,13.8228,100.511639,14.6,0.0,82.9,2.9,-2.4,357.6,-0.13,-0.04,-0.04,24.91,95,POSCTL,0,0
2026-08-24T14:12:10,1787555530,13.8228,100.511639,14.6,0.0,82.9,2.9,-2.4,357.6,-0.13,-0.04,-0.04,24.91,95,POSCTL,0,0
2026-08-24T14:12:11,1787555531,13.8228,100.511639,14.6,0.0,82.9,2.9,-2.4,357.6,-0.13,-0.04,-0.04,24.91,95,POSCTL,0,0
2026-08-24T14:12:12,1787555532,13.8228,100.511639,14.6,0.0,82.9,2.9,-2.4,357.6,-0.13,-0.04,-0.04,24.91,95,POSCTL,0,0
2026-08-24T14:12:13,1787555533,13.822797,100.511639,14.6,0.0,82.9,2.9,-2.4,357.6,-0.13,-0.04,-0.04,24.91,95,POSCTL,0,0
2026-08-24T14:12:14,1787555534,13.822797,100.511639,14.6,0.0,1.5,-0.4,-9.9,350.1,-0.13,-0.04,-0.04,24.91,95,POSCTL,0,0
2026-08-24T14:12:15,1787555535,13.822799,100.511641,12.7,-0.99,1.5,-0.4,-9.9,350.1,-0.03,0.2,0.28,24.91,95,POSCTL,0,0
2026-08-24T14:12:16,1787555536,13.822799,100.511641,12.7,-0.99,1.5,-0.4,-9.9,350.1,-0.03,0.2,0.28,24.91,95,0,1,0
2026-08-24T14:12:17,1787555537,13.822794,100.511633,12.7,-0.99,-0.0,15.6,-9.7,350.3,-0.03,0.2,0.28,24.91,95,0,1,0
2026-08-24T14:12:18,1787555538,13.822795,100.511638,12.2,-1.47,-0.0,15.6,-9.7,350.3,-0.21,0.08,0.23,24.91,95,POSCTL,0,0
2026-08-24T14:12:19,1787555539,13.822795,100.511638,12.2,-1.47,-0.0,15.6,-9.7,350.3,-0.21,0.08,0.23,24.91,95,0,1,0
2026-08-24T14:12:20,1787555540,13.822795,100.511638,12.2,-1.47,-0.0,15.6,-9.7,350.3,-0.21,0.08,0.23,24.91,95,POSCTL,0,0
2026-08-24T14:12:21,1787555541,13.822795,100.511638,12.2,-1.47,-0.0,15.6,-9.7,350.3,-0.21,0.08,0.23,24.91,95,POSCTL,0,0
2026-08-24T14:12:22,1787555542,13.822799,100.511635,12.5,0.31,-0.0,15.6,-9.7,350.3,0.15,-0.04,0.06,24.91,95,POSCTL,0,0
2026-08-24T14:12:23,1787555543,13.822799,100.511635,12.5,0.31,-0.0,15.6,-9.7,350.3,0.15,-0.04,0.06,24.91,95,POSCTL,0,0
2026-08-24T14:12:24,1787555544,13.822799,100.511635,12.5,0.31,1.5,-0.6,-11.9,348.1,0.15,-0.04,0.06,24.91,95,0,1,0
2026-08-24T14:12:25,1787555546,13.822798,100.511636,12.4,0.23,1.5,-0.6,-11.9,348.1,0.0,0.19,0.09,24.91,95,POSCTL,0,0
2026-08-24T14:12:26,1787555547,13.822798,100.511636,12.4,0.23,1.5,-0.6,-11.9,348.1,0.0,0.19,0.09,24.91,95,0,1,0
2026-08-24T14:12:27,1787555548,13.822798,100.511636,12.4,0.23,-15.0,-3.0,-5.5,354.5,0.0,0.19,0.09,24.91,95,POSCTL,0,0
2026-08-24T14:12:28,1787555549,13.822798,100.511636,12.4,0.23,-15.0,-3.0,-5.5,354.5,0.0,0.19,0.09,24.91,95,POSCTL,0,0
2026-08-24T14:12:29,1787555550,13.822798,100.511636,12.4,0.23,-15.0,-3.0,-5.5,354.5,0.0,0.19,0.09,24.91,95,POSCTL,0,0
2026-08-24T14:12:30,1787555551,13.822798,100.511636,12.4,0.23,-15.0,-3.0,-5.5,354.5,0.0,0.19,0.09,24.91,95,POSCTL,0,0
2026-08-24T14:12:31,1787555552,13.822797,100.511629,11.9,-0.24,-15.0,-3.0,-5.5,354.5,0.0,0.06,0.08,24.91,95,POSCTL,0,0
2026-08-24T14:12:32,1787555553,13.822797,100.511629,11.9,-0.24,-15.0,-3.0,-5.5,354.5,0.0,0.06,0.08,24.91,95,0,1,0
2026-08-24T14:12:33,1787555554,13.822797,100.511629,11.9,-0.24,-0.2,-1.4,-5.6,354.4,0.0,0.06,0.08,24.91,95,POSCTL,0,0
2026-08-24T14:12:34,1787555555,13.822795,100.511625,11.9,-0.24,-0.2,-1.4,-5.6,354.4,0.0,0.06,0.08,24.91,95,POSCTL,0,0
2026-08-24T14:12:35,1787555556,13.822795,100.511627,11.8,-0.11,-0.2,-1.4,-5.6,354.4,-0.01,-0.02,0.07,24.91,95,POSCTL,0,0
2026-08-24T14:12:36,1787555557,13.822795,100.511627,11.8,-0.11,-0.2,-1.4,-5.6,354.4,-0.01,-0.02,0.07,24.91,95,POSCTL,0,0
2026-08-24T14:12:37,1787555558,13.822795,100.511627,11.8,-0.11,-0.2,-1.4,-5.3,354.7,-0.01,-0.02,0.07,24.91,95,POSCTL,0,0
2026-08-24T14:12:38,1787555559,13.822795,100.511627,11.8,-0.11,-0.2,-1.4,-5.3,354.7,-0.01,-0.02,0.07,24.93,95,POSCTL,0,0
2026-08-24T14:12:39,1787555560,13.822795,100.511627,11.8,-0.11,-0.2,-1.4,-5.3,354.7,-0.01,-0.02,0.07,24.93,95,0,1,0
2026-08-24T14:12:40,1787555561,13.822795,100.511627,11.8,-0.11,-0.2,-1.5,-5.1,354.9,-0.01,-0.02,0.07,24.93,95,0,1,0
2026-08-24T14:12:41,1787555562,13.822795,100.511627,11.8,-0.11,-0.2,-1.5,-5.1,354.9,-0.01,-0.02,0.07,24.93,95,0,1,0
2026-08-24T14:12:42,1787555563,13.822795,100.511627,11.8,-0.11,-0.2,-1.5,-5.1,354.9,-0.01,-0.02,0.07,24.93,95,POSCTL,0,0
2026-08-24T14:12:43,1787555564,13.822795,100.511627,11.8,-0.11,-0.2,-1.4,-4.9,355.1,-0.01,-0.02,0.07,24.93,95,POSCTL,0,0
2026-08-24T14:12:44,1787555565,13.822793,100.511625,11.5,-0.43,-0.2,-1.4,-4.9,355.1,0.0,0.0,0.07,24.93,95,POSCTL,0,0
2026-08-24T14:12:45,1787555566,13.822793,100.511625,11.5,-0.43,-0.2,-1.4,-4.9,355.1,0.0,0.0,0.07,24.93,95,POSCTL,0,0
2026-08-24T14:12:46,1787555567,13.822793,100.511625,11.5,-0.43,-0.3,-1.4,-4.7,355.3,0.0,0.0,0.07,24.93,95,POSCTL,0,0
2026-08-24T14:12:47,1787555568,13.822793,100.511625,11.5,-0.42,-0.3,-1.4,-4.7,355.3,0.0,-0.01,0.05,24.93,95,POSCTL,0,0
2026-08-24T14:12:48,1787555569,13.822793,100.511625,11.5,-0.42,-0.3,-1.4,-4.7,355.3,0.0,-0.01,0.05,24.93,95,POSCTL,0,0
2026-08-24T14:12:49,1787555570,13.822793,100.511625,11.5,-0.42,-0.3,-1.4,-4.7,355.3,0.0,-0.01,0.05,24.93,95,POSCTL,0,0
2026-08-24T14:12:50,1787555571,13.822793,100.511625,11.5,-0.42,-0.3,-1.4,-4.7,355.3,0.0,-0.01,0.05,24.93,95,POSCTL,0,0
2026-08-24T14:12:51,1787555572,13.822793,100.511625,11.5,-0.42,-0.3,-1.4,-4.7,355.3,0.0,-0.01,0.05,24.93,95,POSCTL,0,0
2026-08-24T14:12:52,1787555573,13.822793,100.511625,11.5,-0.42,1.0,-0.9,-3.2,356.8,0.0,-0.01,0.05,24.92,95,0,1,0
2026-08-24T14:12:53,1787555574,13.822793,100.511625,11.5,-0.42,1.0,-0.9,-3.2,356.8,0.0,-0.01,0.05,24.92,95,POSCTL,0,0
2026-08-24T14:12:54,1787555575,13.822793,100.511627,11.8,-0.11,-0.2,-1.2,-0.4,359.6,0.0,0.01,0.0,24.92,95,POSCTL,0,0
2026-08-24T14:12:55,1787555576,13.822793,100.511627,11.8,-0.11,-0.2,-1.2,-0.4,359.6,0.0,0.01,0.0,24.92,95,0,1,0
2026-08-24T14:12:56,1787555577,13.822793,100.511627,11.8,-0.11,-0.1,-0.9,-0.4,359.6,0.0,0.01,0.0,24.92,95,POSCTL,0,0
2026-08-24T14:12:57,1787555578,13.822793,100.511627,11.8,-0.11,-0.1,-0.9,-0.4,359.6,0.0,0.01,0.0,24.92,95,POSCTL,0,0
2026-08-24T14:12:58,1787555579,13.822793,100.511627,11.8,-0.11,-0.1,-0.9,-0.4,359.6,0.0,0.01,0.0,24.92,95,POSCTL,0,0
2026-08-24T14:12:59,1787555580,13.822793,100.511627,11.8,-0.11,-0.1,-0.9,-0.4,359.6,0.0,0.01,0.0,24.92,95,POSCTL,0,0
2026-08-24T14:13:00,1787555581,13.822793,100.511627,11.8,-0.11,-0.1,-0.9,-0.4,359.6,0.0,0.01,0.0,24.92,95,POSCTL,0,0
2026-08-24T14:13:01,1787555582,13.822793,100.511627,11.8,-0.11,-0.1,-0.9,-0.4,359.6,0.0,0.01,0.0,24.92,95,POSCTL,0,0
2026-08-24T14:13:40,1787555621,13.822793,100.511627,11.8,-0.11,-2.0,-3.2,161.0,161.0,0.0,0.01,0.0,24.92,95,POSCTL,0,0
2026-08-24T14:13:41,1787555622,13.822793,100.511627,11.8,-0.11,-1.9,-3.0,161.0,161.0,0.0,0.01,0.0,24.92,95,POSCTL,0,0
2026-08-24T14:13:42,1787555623,13.822793,100.511627,11.8,-0.11,-1.8,-3.0,161.0,161.0,0.0,0.01,0.0,24.92,95,POSCTL,0,0
2026-08-24T14:13:43,1787555624,13.822793,100.511627,11.8,-0.11,-2.0,-3.3,161.0,161.0,0.0,0.01,0.0,24.92,95,POSCTL,0,0
2026-08-24T14:13:44,1787555625,13.822793,100.511627,11.8,-0.11,-2.0,-3.3,161.0,161.0,0.0,0.01,0.0,24.92,95,POSCTL,0,0
2026-08-24T14:13:45,1787555626,13.822793,100.511627,11.8,-0.11,-2.0,-3.3,161.0,161.0,0.0,0.01,0.0,24.92,95,POSCTL,0,0
2026-08-24T14:13:46,1787555627,13.822793,100.511627,11.8,-0.11,-2.0,-3.3,161.0,161.0,0.0,0.01,0.0,24.92,95,POSCTL,0,0
2026-08-24T14:13:47,1787555628,13.822793,100.511627,11.8,-0.11,-2.0,-3.3,161.0,161.0,0.0,0.01,0.0,24.92,95,POSCTL,0,0
2026-08-24T14:13:48,1787555629,13.822793,100.511627,11.8,-0.11,-2.0,-3.3,161.0,161.0,0.0,0.01,0.0,24.92,95,POSCTL,0,0
2026-08-24T14:13:49,1787555630,13.822793,100.511627,11.8,-0.11,-2.0,-3.3,161.0,161.0,0.0,0.01,0.0,24.92,95,POSCTL,0,0
2026-08-24T14:13:50,1787555631,13.822793,100.511627,11.8,-0.11,-2.0,-3.3,161.0,161.0,0.0,0.01,0.0,24.92,95,POSCTL,0,0
2026-08-24T14:13:51,1787555632,13.822793,100.511627,11.8,-0.11,-2.0,-3.3,161.0,161.0,0.0,0.01,0.0,24.92,95,POSCTL,0,0
2026-08-24T14:13:52,1787555633,13.822793,100.511627,11.8,-0.11,-2.0,-3.3,161.0,161.0,0.0,0.01,0.0,24.92,95,POSCTL,0,0
2026-08-24T14:13:53,1787555634,13.822782,100.511634,11.8,-0.11,-2.0,-3.3,161.0,161.0,0.0,0.01,0.0,24.92,95,POSCTL,0,0
2026-08-24T14:13:54,1787555635,13.822791,100.511641,11.8,-0.11,-2.0,-3.3,161.0,161.0,0.0,0.01,0.0,24.92,95,POSCTL,0,0
2026-08-24T14:13:55,1787555636,13.822791,100.511641,11.8,-0.11,-2.0,-3.3,161.0,161.0,0.0,0.01,0.0,24.92,95,POSCTL,0,0
2026-08-24T14:13:56,1787555637,13.822791,100.511641,11.8,-0.11,-2.0,-3.3,161.0,161.0,0.0,0.01,0.0,24.92,95,POSCTL,0,0
2026-08-24T14:13:57,1787555638,13.822791,100.511641,11.8,-0.11,-2.0,-3.3,161.0,161.0,0.0,0.01,0.0,24.92,95,POSCTL,0,0
2026-08-24T14:13:58,1787555639,13.822791,100.511641,11.8,-0.11,-2.0,-3.3,161.0,161.0,0.0,0.01,0.0,24.92,95,POSCTL,0,0
2026-08-24T14:13:59,1787555640,13.822793,100.511638,11.8,-0.11,-2.0,-3.3,161.0,161.0,0.0,0.01,0.0,24.92,95,POSCTL,0,0
2026-08-24T14:14:01,1787555642,13.822793,100.511638,11.8,-0.11,-2.0,-3.3,161.0,161.0,0.0,0.01,0.0,24.92,95,POSCTL,0,0
2026-08-24T14:14:02,1787555643,13.822788,100.51164,11.8,-0.11,-2.0,-3.3,161.0,161.0,0.0,0.01,0.0,24.92,95,POSCTL,0,0
2026-08-24T14:14:03,1787555644,13.822788,100.51164,11.8,-0.11,-1.8,-3.2,152.2,152.2,0.0,0.01,0.0,24.92,95,POSCTL,0,0
2026-08-24T14:14:04,1787555645,13.822787,100.511641,11.8,-0.11,-1.8,-3.2,152.2,152.2,0.0,0.01,0.0,24.92,95,POSCTL,0,0
2026-08-24T14:14:05,1787555646,13.822785,100.511642,11.8,-0.11,-1.8,-3.2,152.2,152.2,0.0,0.01,0.0,24.92,95,POSCTL,0,0
2026-08-24T14:14:06,1787555647,13.822785,100.511642,11.8,-0.11,-1.8,-3.2,152.2,152.2,0.0,0.01,0.0,24.92,95,POSCTL,0,0
2026-08-24T14:14:07,1787555648,13.822785,100.511642,11.8,-0.11,-1.8,-3.2,152.2,152.2,0.0,0.01,0.0,24.91,95,POSCTL,0,0
2026-08-24T14:14:08,1787555649,13.822784,100.511642,11.8,-0.11,-1.9,-3.2,146.0,146.0,0.0,0.01,0.0,24.91,95,POSCTL,0,0
2026-08-24T14:14:09,1787555650,13.822784,100.511642,11.8,-0.11,-1.9,-3.2,146.0,146.0,0.0,0.01,0.0,24.91,95,POSCTL,0,0
2026-08-24T14:14:10,1787555651,13.822784,100.511642,11.8,-0.11,-1.9,-3.2,146.0,146.0,0.0,0.01,0.0,24.91,95,POSCTL,0,0
2026-08-24T14:14:13,1787555654,13.822784,100.511642,11.8,-0.11,-1.9,-3.2,146.0,146.0,0.0,0.01,0.0,24.91,95,POSCTL,0,0
2026-08-24T14:14:14,1787555655,13.822782,100.51164,11.8,-0.11,-0.9,-1.8,154.2,154.2,0.0,0.01,0.0,24.91,95,POSCTL,0,0
2026-08-24T14:14:15,1787555656,13.822782,100.51164,11.8,-0.11,-0.9,-1.8,154.2,154.2,0.0,0.01,0.0,24.91,95,POSCTL,0,0
2026-08-24T14:14:16,1787555657,13.822782,100.51164,11.8,-0.11,-0.9,-1.8,154.2,154.2,0.0,0.01,0.0,24.91,95,POSCTL,0,0
2026-08-24T14:14:17,1787555658,13.822782,100.51164,11.8,-0.11,-0.9,-1.8,154.2,154.2,0.0,0.01,0.0,24.91,95,POSCTL,0,0
2026-08-24T14:14:18,1787555659,13.822782,100.511639,11.8,-0.11,-1.0,-1.7,158.1,158.1,0.0,0.01,0.0,24.91,95,POSCTL,0,0
2026-08-24T14:14:19,1787555660,13.822782,100.511639,11.8,-0.11,-1.0,-1.7,158.1,158.1,0.0,0.01,0.0,24.91,95,POSCTL,0,0
2026-08-24T14:14:20,1787555661,13.822782,100.511639,11.8,-0.11,-1.0,-1.7,158.1,158.1,0.0,0.01,0.0,24.91,95,POSCTL,0,0
2026-08-24T14:14:21,1787555662,13.822782,100.511639,11.8,-0.11,-1.0,-1.7,158.1,158.1,0.0,0.01,0.0,24.91,95,POSCTL,0,0
2026-08-24T14:14:22,1787555663,13.822782,100.51164,11.8,-0.11,-1.0,-1.5,159.7,159.7,0.0,0.01,0.0,24.91,95,POSCTL,0,0
2026-08-24T14:14:23,1787555664,13.822782,100.511639,11.8,-0.11,-1.0,-1.5,159.7,159.7,0.0,0.01,0.0,24.91,95,POSCTL,0,0
2026-08-24T14:14:24,1787555665,13.822782,100.511639,11.8,-0.11,-1.0,-1.5,159.7,159.7,0.0,0.01,0.0,24.91,94,POSCTL,0,0
2026-08-24T14:14:25,1787555666,13.822782,100.511639,11.8,-0.11,-1.0,-1.5,159.7,159.7,0.0,0.01,0.0,24.91,94,POSCTL,0,0
2026-08-24T14:14:26,1787555667,13.822779,100.51164,11.8,-0.11,-1.3,-1.8,160.0,160.0,0.0,0.01,0.0,24.91,94,POSCTL,0,0
2026-08-24T14:14:27,1787555668,13.822779,100.511641,11.8,-0.11,-1.3,-1.8,160.0,160.0,0.0,0.01,0.0,24.91,94,POSCTL,0,0
2026-08-24T14:14:28,1787555669,13.822779,100.511641,11.8,-0.11,-1.3,-1.8,160.0,160.0,0.0,0.01,0.0,24.91,94,POSCTL,0,0
2026-08-24T14:14:29,1787555670,13.822779,100.511641,11.8,-0.11,-1.3,-1.8,160.0,160.0,0.0,0.01,0.0,24.91,94,POSCTL,0,0
2026-08-24T14:14:30,1787555671,13.822779,100.511641,11.8,-0.11,-1.3,-1.8,160.0,160.0,0.0,0.01,0.0,24.91,94,POSCTL,0,0
2026-08-24T14:14:31,1787555672,13.822779,100.511641,11.8,-0.11,-1.3,-1.8,160.0,160.0,0.0,0.01,0.0,24.91,94,POSCTL,0,0
2026-08-24T14:14:32,1787555673,13.822779,100.511641,11.8,-0.11,-1.3,-1.8,160.0,160.0,0.0,0.01,0.0,24.91,94,POSCTL,0,0
2026-08-24T14:14:35,1787555676,13.822779,100.511641,11.8,-0.11,-1.3,-1.8,160.0,160.0,0.0,0.01,0.0,24.91,94,POSCTL,0,0
2026-08-24T14:14:36,1787555677,13.822786,100.51163,11.8,-0.11,-1.1,-1.6,160.6,160.6,0.0,0.01,0.0,24.91,94,POSCTL,0,0
2026-08-24T14:14:37,1787555678,13.822786,100.51163,11.8,-0.11,-1.1,-1.6,160.6,160.6,0.0,0.01,0.0,24.91,94,POSCTL,0,0
2026-08-24T14:14:38,1787555679,13.822786,100.51163,11.8,-0.11,-1.1,-1.6,160.6,160.6,0.0,0.01,0.0,24.9,94,POSCTL,0,0
2026-08-24T14:14:39,1787555680,13.822786,100.51163,11.8,-0.11,-1.1,-1.6,160.6,160.6,0.0,0.01,0.0,24.9,94,POSCTL,0,0
2026-08-24T14:14:40,1787555681,13.822786,100.51163,11.8,-0.11,-0.9,-1.6,160.7,160.7,0.0,0.01,0.0,24.9,94,POSCTL,0,0
2026-08-24T14:14:41,1787555682,13.822786,100.51163,11.8,-0.11,-0.9,-1.6,160.7,160.7,0.0,0.01,0.0,24.9,94,POSCTL,0,0
2026-08-24T14:14:42,1787555683,13.822786,100.51163,11.8,-0.11,-0.9,-1.6,160.7,160.7,0.0,0.01,0.0,24.9,94,POSCTL,0,0
2026-08-24T14:14:43,1787555684,13.822786,100.51163,11.8,-0.11,-0.9,-1.6,160.7,160.7,0.0,0.01,0.0,24.9,94,POSCTL,0,0
2026-08-24T14:14:44,1787555685,13.822786,100.51163,11.8,-0.11,-0.9,-1.8,160.8,160.8,0.0,0.01,0.0,24.9,94,POSCTL,0,0
2026-08-24T14:14:45,1787555686,13.822786,100.51163,11.8,-0.11,-0.9,-1.8,160.8,160.8,0.0,0.01,0.0,24.9,94,POSCTL,0,0
2026-08-24T14:14:46,1787555687,13.822786,100.51163,11.8,-0.11,-0.9,-1.8,160.8,160.8,0.0,0.01,0.0,24.9,94,POSCTL,0,0
2026-08-24T14:14:47,1787555688,13.822786,100.51163,11.8,-0.11,-0.9,-1.6,160.8,160.8,0.0,0.01,0.0,24.9,94,POSCTL,0,0
2026-08-24T14:14:48,1787555689,13.822796,100.511622,11.8,-0.11,-0.9,-1.6,160.8,160.8,0.0,0.01,0.0,24.9,94,POSCTL,0,0
2026-08-24T14:14:49,1787555690,13.822796,100.511622,11.8,-0.11,-0.9,-1.6,160.8,160.8,0.0,0.01,0.0,24.9,94,POSCTL,0,0
2026-08-24T14:14:50,1787555691,13.822793,100.511624,11.8,-0.11,-0.9,-1.5,160.8,160.8,0.0,0.01,0.0,24.9,94,POSCTL,0,0
2026-08-24T14:14:51,1787555692,13.822793,100.511624,11.8,-0.11,-0.9,-1.5,160.8,160.8,0.0,0.01,0.0,24.9,94,POSCTL,0,0
2026-08-24T14:14:52,1787555693,13.822793,100.511624,11.8,-0.11,-0.9,-1.5,160.8,160.8,0.0,0.01,0.0,24.9,94,POSCTL,0,0
2026-08-24T14:14:53,1787555694,13.822793,100.511624,11.8,-0.11,-0.9,-1.5,160.8,160.8,0.0,0.01,0.0,24.9,94,POSCTL,0,0
2026-08-24T14:14:54,1787555695,13.822793,100.511624,11.8,-0.11,-0.9,-1.5,160.8,160.8,0.0,0.01,0.0,24.9,94,POSCTL,0,0
2026-08-24T14:14:57,1787555698,13.822793,100.511624,11.8,-0.11,-0.9,-1.5,160.8,160.8,0.0,0.01,0.0,24.9,94,POSCTL,0,0
2026-08-24T14:14:58,1787555699,13.822793,100.511624,11.8,-0.11,-0.9,-1.5,160.8,160.8,0.0,0.01,0.0,24.9,94,POSCTL,0,0
2026-08-24T14:14:59,1787555700,13.822793,100.511624,11.8,-0.11,-0.9,-1.5,160.8,160.8,0.0,0.01,0.0,24.9,94,POSCTL,0,0
2026-08-24T14:15:00,1787555701,13.82279,100.511631,11.8,-0.11,-1.9,-2.9,161.1,161.1,0.0,0.01,0.0,24.9,94,POSCTL,0,0
2026-08-24T14:15:01,1787555702,13.82279,100.511631,11.8,-0.11,-1.9,-2.9,161.1,161.1,0.0,0.01,0.0,24.9,94,POSCTL,0,0
2026-08-24T14:15:02,1787555703,13.82279,100.511631,11.8,-0.11,-1.9,-2.9,161.1,161.1,0.0,0.01,0.0,24.9,94,POSCTL,0,0
2026-08-24T14:15:03,1787555704,13.82279,100.511631,11.8,-0.11,-1.9,-2.9,161.1,161.1,0.0,0.01,0.0,24.9,94,POSCTL,0,0
2026-08-24T14:15:04,1787555705,13.82279,100.511633,11.8,-0.11,-1.9,-2.9,161.2,161.2,0.0,0.01,0.0,24.9,94,POSCTL,0,0
