t,alt
0.0,0.43
1.0,0.02
2.0,0.06
3.0,0.01
4.0,0.04
5.0,-0.02
6.0,-0.13
7.0,-0.15
8.0,0.19
9.0,1.11
10.0,2.31
11.0,3.69
12.0,5.20
13.0,6.71
14.0,8.22
15.0,9.80
16.0,11.08
17.0,12.18
18.0,13.15
19.0,14.16
20.0,15.19
21.0,16.06
22.0,16.62
23.0,16.62
24.0,16.98
25.0,17.64
26.0,18.39
27.0,19.01
28.0,19.24
29.0,19.28
30.0,19.33
31.0,19.41
32.0,19.41
33.0,19.42
34.0,19.45
35.0,19.49
36.0,19.54
37.0,19.53
38.0,19.53
39.0,19.57
40.0,19.60
41.0,19.62
42.0,19.62
43.0,19.59
44.0,19.64
45.0,19.67
46.0,19.66
47.0,19.69
48.0,19.68
49.0,19.66
50.0,19.65
51.0,19.64
52.0,19.59
53.0,19.62
54.0,19.52
55.0,19.14
56.0,18.77
57.0,18.32
58.0,17.90
59.0,17.50
60.0,17.09
61.0,16.65
62.0,16.25
63.0,15.92
64.0,15.54
65.0,15.11
66.0,14.68
67.0,14.31
68.0,13.89
69.0,13.48
70.0,13.10
71.0,12.73
72.0,12.46
73.0,12.32
74.0,12.27
75.0,12.21
76.0,12.20
77.0,12.26
78.0,12.26
79.0,12.19
80.0,12.16
81.0,12.22
82.0,12.20
83.0,12.13
84.0,12.14
85.0,12.11
86.0,12.11
87.0,12.13
88.0,12.10
89.0,12.12
90.0,12.07
91.0,12.10
92.0,12.07
93.0,12.06
94.0,12.02
95.0,12.06
96.0,12.07
97.0,12.06
98.0,12.04
99.0,12.04
100.0,12.04
101.0,12.07
102.0,12.04
103.0,12.01
104.0,12.09
105.0,12.07
106.0,12.04
107.0,12.06
108.0,11.96
109.0,11.96
110.0,11.95
111.0,11.92
112.0,11.89
113.0,11.86
114.0,11.87
115.0,11.86
116.0,11.86
117.0,11.89
118.0,11.87
119.0,11.87
120.0,11.89
121.0,11.86
122.0,11.87
123.0,11.87
124.0,11.85
125.0,11.88
126.0,11.86
127.0,11.91
128.0,11.88
129.0,11.88
130.0,11.91
131.0,11.96
132.0,11.97
133.0,11.95
134.0,11.90
135.0,11.88
136.0,11.88
137.0,11.88
138.0,11.88
139.0,11.96
140.0,11.96
141.0,12.01
142.0,11.97
143.0,12.00
144.0,12.04
145.0,12.05
146.0,12.04
147.0,12.05
148.0,12.09
149.0,12.07
150.0,12.07
151.0,12.09
152.0,12.12
153.0,12.09
154.0,12.08
155.0,12.10
156.0,12.14
157.0,12.15
158.0,12.16
159.0,12.18
160.0,12.26
161.0,12.34
162.0,12.40
163.0,12.45
164.0,12.43
165.0,12.43
166.0,12.37
167.0,12.36
168.0,12.32
169.0,12.33
170.0,12.34
171.0,12.34
172.0,12.29
173.0,12.28
174.0,12.29
175.0,12.25
176.0,12.28
177.0,12.28
178.0,12.26
179.0,12.27
180.0,12.22
181.0,12.15
182.0,12.17
183.0,12.18
184.0,12.18
185.0,12.19
186.0,11.85
187.0,11.52
188.0,11.30
189.0,11.00
190.0,10.38
191.0,9.89
192.0,9.50
193.0,9.11
194.0,8.70
195.0,8.28
196.0,7.89
197.0,7.50
198.0,7.05
199.0,6.56
200.0,6.20
201.0,5.84
202.0,5.46
203.0,5.07
204.0,4.77
205.0,4.49
206.0,4.20
207.0,3.93
208.0,3.69
209.0,3.34
210.0,3.02
211.0,2.73
212.0,2.45
213.0,2.19
214.0,1.88
215.0,1.57
216.0,1.27
217.0,0.98
218.0,0.65
219.0,0.73
220.0,1.64
221.0,2.65
222.0,3.57
223.0,4.59
224.0,5.54
225.0,6.54
226.0,7.56
227.0,8.50
228.0,9.48
229.0,10.50
230.0,11.47
231.0,12.47
232.0,13.47
233.0,14.39
234.1,15.43
235.1,16.36
236.1,16.74
237.1,16.73
238.1,16.84
239.1,17.05
240.1,17.39
241.1,17.66
242.1,18.04
243.1,18.34
244.1,18.60
245.1,18.86
246.1,19.06
247.1,19.23
248.1,19.30
249.1,19.38
250.1,19.41
251.1,19.49
252.1,19.49
253.1,19.40
254.1,19.37
255.1,19.41
256.1,19.37
257.1,19.35
258.1,19.38
259.1,19.44
260.1,19.40
261.1,19.34
262.1,19.35
263.1,19.36
264.1,19.34
265.1,19.30
266.1,19.30
267.1,19.32
268.1,19.34
269.1,19.30
270.1,19.30
271.1,19.28
272.1,19.31
273.1,19.30
274.1,19.31
275.1,19.39
276.1,19.36
277.1,19.31
278.1,19.23
279.1,19.16
280.1,18.85
281.1,18.46
282.1,18.11
283.1,17.74
284.1,17.32
285.1,16.94
286.1,16.57
287.1,16.19
288.1,15.81
289.1,15.44
290.1,15.06
291.1,14.69
292.1,14.27
293.1,13.90
294.1,13.49
295.1,13.05
296.1,12.65
297.1,12.26
298.1,11.88
299.1,11.45
300.1,11.05
301.1,10.69
302.1,10.33
303.1,9.96
304.1,9.53
305.1,9.13
306.1,8.75
307.1,8.34
308.1,7.98
309.1,7.57
310.1,7.16
311.1,6.86
312.1,6.43
313.1,5.98
314.1,5.60
315.1,5.22
316.1,4.90
317.1,4.60
318.1,4.28
319.1,3.99
320.1,3.67
321.1,3.36
322.1,3.11
323.1,2.81
324.1,2.52
325.1,2.21
326.1,1.87
327.1,1.55
328.1,1.25
329.1,0.93
330.1,0.66
331.1,0.38
332.1,0.35
333.1,0.23
334.1,-0.06
335.1,-0.16
336.1,-0.24
337.1,-0.26
338.1,0.01
339.1,-0.00
340.1,0.00
341.1,0.18
342.1,0.23
343.1,0.33
344.1,-0.03
345.1,-0.02
346.1,0.04
347.1,0.39
348.1,1.29
349.1,2.48
350.1,3.83
351.1,5.17
352.1,6.57
353.1,7.93
354.1,9.24
355.1,10.62
356.1,11.59
357.1,12.54
358.1,13.56
359.1,14.60
360.1,15.53
361.1,16.21
362.1,16.61
363.1,16.55
364.1,16.84
365.1,17.50
366.1,18.20
367.1,18.53
368.1,18.63
369.1,18.70
370.1,18.75
371.1,18.71
372.1,18.76
373.1,18.75
374.1,18.77
375.1,18.80
376.1,18.83
377.1,18.85
378.1,18.93
379.1,18.93
380.1,18.96
381.1,18.96
382.1,18.97
383.1,18.99
384.1,19.06
385.1,19.11
386.1,19.10
387.1,19.12
388.1,19.09
389.1,19.04
390.1,19.06
391.1,19.04
392.1,19.05
393.1,18.85
394.1,18.48
395.1,18.06
396.1,17.67
397.1,17.25
398.1,16.86
399.1,16.46
400.1,16.04
401.1,15.68
402.1,15.29
403.1,14.88
404.1,14.50
405.1,14.11
406.1,13.67
407.1,13.24
408.1,12.91
409.1,12.55
410.1,12.14
411.1,11.86
412.1,11.70
413.1,11.61
414.1,11.26
415.1,10.86
416.1,10.52
417.1,10.10
418.1,9.69
419.1,9.29
420.1,8.87
421.1,8.47
422.1,8.05
423.1,7.71
424.1,7.28
425.1,6.87
426.1,6.49
427.1,6.10
428.1,5.69
429.1,5.29
430.1,4.94
431.1,4.65
432.1,4.37
433.1,4.05
434.1,3.78
435.1,3.51
436.1,3.22
437.1,2.89
438.1,2.64
439.1,2.33
440.1,2.04
441.1,1.77
442.1,1.47
443.1,1.15
444.1,0.86
445.1,0.60
446.1,0.41
447.1,1.27
448.1,2.17
449.1,3.16
450.1,4.13
451.1,5.16
452.1,6.21
453.1,7.16
454.1,8.13
455.1,9.15
456.1,10.09
457.1,11.10
458.1,12.15
459.1,13.15
460.1,14.14
461.1,15.19
462.1,16.14
463.1,16.75
464.1,16.74
465.1,16.86
466.1,17.09
467.1,17.41
468.1,17.83
469.1,18.23
470.1,18.58
471.1,18.82
472.1,19.02
473.1,19.11
474.1,19.19
475.1,19.24
476.1,19.29
477.1,19.28
478.1,19.22
479.1,19.18
480.1,19.17
481.1,19.24
482.1,19.26
483.1,19.26
484.1,19.26
485.1,19.24
486.1,19.23
487.1,19.21
488.1,19.19
489.1,19.23
490.1,19.19
491.1,19.24
492.1,19.21
493.1,19.20
494.1,19.21
495.1,19.21
496.1,19.22
497.1,19.19
498.1,19.16
499.1,19.23
500.1,19.30
501.1,19.20
502.1,19.20
503.1,19.15
504.1,18.89
505.1,18.55
506.1,18.18
507.1,17.81
508.1,17.49
509.1,17.11
510.1,16.70
511.1,16.32
512.1,15.93
513.1,15.49
514.1,15.10
515.1,14.72
516.1,14.31
517.1,13.92
518.1,13.52
519.1,13.14
520.1,12.72
521.1,12.34
522.1,11.96
523.1,11.58
524.1,11.20
525.1,10.78
526.1,10.43
527.1,10.05
528.1,9.66
529.1,9.21
530.1,8.85
531.1,8.41
532.1,8.02
533.1,7.62
534.1,7.24
535.1,6.83
536.1,6.43
537.1,6.02
538.1,5.62
539.1,5.24
540.1,4.83
541.1,4.51
542.1,4.25
543.1,3.93
544.1,3.63
545.1,3.29
546.1,2.98
547.1,2.73
548.1,2.40
549.1,2.06
550.1,1.81
551.1,1.50
552.1,1.18
553.1,0.95
554.1,0.65
555.1,0.36
556.1,0.07
557.1,-0.21
558.1,-0.32
559.1,-0.37
560.1,-0.41
561.1,-0.42
562.1,-0.42
563.1,0.06
564.1,0.21
565.1,0.36
566.1,0.00
567.1,0.02
568.1,0.03
569.1,0.18
570.1,1.05
571.1,2.09
572.1,3.32
573.1,4.73
574.1,6.18
575.1,7.59
576.1,9.04
577.1,10.49
578.1,11.52
579.1,12.52
580.1,13.56
581.1,14.52
582.1,15.46
583.1,16.14
584.1,16.60
585.1,16.57
586.1,16.83
587.1,17.33
588.1,18.06
589.1,18.53
590.1,18.67
591.1,18.72
592.1,18.77
593.1,18.79
594.1,18.79
595.1,18.84
596.1,18.90
597.1,18.90
598.1,18.97
599.1,19.01
600.1,19.02
601.1,19.07
602.1,19.10
603.1,19.06
604.1,19.05
605.1,19.02
606.1,19.06
607.1,19.08
608.1,19.14
609.1,19.15
610.1,19.20
611.1,19.16
612.1,19.12
613.1,19.12
614.1,19.09
615.1,19.09
616.1,18.95
617.1,18.57
618.1,18.10
619.1,17.77
620.1,17.34
621.1,16.95
622.1,16.54
623.1,16.13
624.1,15.73
625.1,15.34
626.1,14.91
627.1,14.48
628.1,14.06
629.1,13.62
630.1,13.23
631.1,12.82
632.1,12.42
633.1,12.02
634.1,11.76
635.1,11.58
636.1,11.55
637.1,11.49
638.1,11.24
639.1,10.87
640.1,10.48
641.1,10.11
642.1,9.71
643.1,9.30
644.1,8.94
645.1,8.58
646.1,8.20
647.1,7.86
648.1,7.48
649.1,7.09
650.1,6.73
651.1,6.38
652.1,6.02
653.1,5.65
654.1,5.24
655.1,4.89
656.1,4.64
657.1,4.41
658.1,4.12
659.1,3.82
660.1,3.51
661.1,3.25
662.1,2.98
663.1,2.69
664.1,2.34
665.1,2.10
666.1,1.80
667.1,1.53
668.1,1.24
669.1,0.97
670.1,0.64
671.1,0.39
672.1,0.99
673.1,1.86
674.1,2.88
675.1,3.90
676.1,4.87
677.1,5.88
678.1,6.86
679.1,7.86
680.1,8.86
681.1,9.82
682.1,10.81
683.1,11.80
684.1,12.79
685.1,13.80
686.1,14.76
687.1,15.74
688.1,16.69
689.1,16.79
690.1,16.99
691.1,17.20
692.1,17.41
693.1,17.51
694.1,17.65
695.1,17.89
696.1,18.07
697.1,18.24
698.1,18.38
699.1,18.54
700.1,18.72
701.1,18.83
702.1,18.99
703.1,19.07
704.1,19.13
705.1,19.18
706.1,19.20
707.1,19.28
708.1,19.30
709.1,19.24
710.1,19.27
711.1,19.27
712.1,19.31
713.1,19.36
714.1,19.40
715.1,19.44
716.1,19.44
717.1,19.42
718.1,19.39
719.1,19.38
720.1,19.44
721.1,19.39
722.1,19.38
723.1,19.37
724.1,19.38
725.1,19.32
726.1,19.32
727.1,19.34
728.1,19.34
729.1,19.40
730.1,19.42
731.1,19.41
732.1,19.32
733.1,19.34
734.1,19.34
735.1,19.09
736.1,18.74
737.1,18.38
738.1,18.02
739.1,17.68
740.1,17.28
741.1,16.85
742.1,16.49
743.1,16.06
744.1,15.68
745.1,15.32
746.1,14.91
747.1,14.45
748.1,14.11
749.1,13.73
750.1,13.30
751.1,12.94
752.1,12.53
753.1,12.14
754.1,11.75
755.1,11.33
756.1,10.99
757.1,10.61
758.1,10.20
759.1,9.86
760.1,9.46
761.1,9.01
762.1,8.63
763.1,8.24
764.1,7.90
765.1,7.45
766.1,7.08
767.1,6.63
768.1,6.22
769.1,5.84
770.1,5.48
771.1,5.07
772.1,4.75
773.1,4.50
774.1,4.16
775.1,3.83
776.1,3.57
777.1,3.28
778.1,2.98
779.1,2.69
780.1,2.36
781.1,2.13
782.1,1.83
783.1,1.51
784.1,1.19
785.1,0.93
786.1,0.59
787.1,0.30
788.1,-0.01
789.1,-0.30
790.1,-0.62
791.1,-0.88
792.1,-1.12
793.1,-0.26
794.1,0.32
795.1,0.65
796.1,0.82
797.1,0.82
798.1,-0.25
799.1,-0.06
800.1,-0.33
801.1,-0.51
802.1,0.06
803.1,0.01
804.1,-0.00
805.1,0.45
806.1,1.53
807.1,2.77
808.1,4.22
809.1,5.63
810.1,7.09
811.1,8.55
812.1,10.02
813.1,11.16
814.1,12.16
815.1,13.10
816.1,14.17
817.1,15.12
818.1,16.02
819.1,16.58
820.1,16.53
821.1,16.86
822.1,17.62
823.1,18.50
824.1,19.13
825.1,19.42
826.1,19.51
827.1,19.58
828.1,19.61
829.1,19.69
830.1,19.70
831.1,19.73
832.1,19.80
833.1,19.83
834.1,19.84
835.1,19.89
836.1,19.95
837.1,20.03
838.1,20.05
839.1,20.07
840.1,20.18
841.1,20.24
842.1,20.24
843.1,20.23
844.1,20.30
845.1,20.35
846.1,20.28
847.1,20.27
848.1,20.27
849.1,20.24
850.1,20.17
851.1,19.98
852.1,19.59
853.1,19.19
854.1,18.80
855.1,18.39
856.1,17.99
857.1,17.60
858.1,17.12
859.1,16.75
860.1,16.38
861.1,16.01
862.1,15.51
863.1,15.13
864.1,14.76
865.1,14.36
866.1,13.98
867.1,13.54
868.1,13.21
869.1,12.94
870.1,12.76
871.1,12.70
872.1,12.65
873.1,12.25
874.1,11.94
875.1,11.52
876.1,11.08
877.1,10.71
878.1,10.32
879.1,9.90
880.1,9.50
881.1,9.07
882.1,8.65
883.1,8.26
884.1,7.88
885.1,7.49
886.1,7.11
887.1,6.75
888.1,6.32
889.1,5.97
890.1,5.59
891.1,5.15
892.1,4.89
893.1,4.64
894.1,4.30
895.1,3.99
896.1,3.67
897.1,3.42
898.1,3.15
899.1,2.85
900.1,2.55
901.1,2.26
902.1,1.97
903.1,1.66
904.1,1.33
905.1,1.00
906.1,0.73
907.1,0.43
908.1,0.60
909.1,1.41
910.1,2.41
911.1,3.42
912.1,4.45
913.1,5.41
914.1,6.38
915.1,7.34
916.1,8.29
917.1,9.30
918.1,10.24
919.1,11.21
920.1,12.20
921.1,13.17
922.1,14.13
923.1,15.11
924.1,16.08
925.1,16.70
926.1,16.62
927.1,16.68
928.1,16.87
929.1,17.15
930.1,17.40
931.1,17.72
932.1,18.10
933.1,18.41
934.1,18.73
935.1,19.07
936.1,19.28
937.1,19.48
938.1,19.63
939.1,19.73
940.1,19.89
941.1,19.92
942.1,19.98
943.1,19.95
944.1,19.91
945.1,19.92
946.1,19.95
947.1,19.96
948.1,20.05
949.1,20.11
950.1,20.12
951.1,20.06
952.1,20.07
953.1,20.05
954.1,20.05
955.1,20.01
956.1,20.04
957.1,20.08
958.1,20.11
959.1,20.13
960.1,20.07
961.1,20.05
962.1,20.08
963.1,20.09
964.1,20.12
965.1,20.14
966.1,20.22
967.1,20.11
968.1,20.02
969.1,20.07
970.1,19.81
971.1,19.46
972.1,19.08
973.1,18.69
974.1,18.31
975.1,17.91
976.1,17.46
977.1,17.05
978.1,16.64
979.1,16.26
980.1,15.81
981.1,15.45
982.1,15.05
983.1,14.62
984.1,14.21
985.1,13.79
986.1,13.42
987.1,12.94
988.1,12.53
989.1,12.16
990.1,11.76
991.1,11.34
992.1,10.98
993.1,10.57
994.1,10.19
995.1,9.78
996.1,9.41
997.1,8.98
998.1,8.60
999.1,8.20
1000.1,7.83
1001.1,7.41
1002.1,7.01
1003.1,6.63
1004.1,6.24
1005.1,5.85
1006.1,5.38
1007.1,5.06
1008.1,4.76
1009.1,4.48
1010.1,4.19
1011.1,3.90
1012.1,3.63
1013.1,3.33
1014.1,3.05
1015.1,2.81
1016.1,2.52
1017.1,2.27
1018.1,1.94
1019.1,1.64
1020.1,1.33
1021.1,1.05
1022.1,0.70
1023.1,0.47
1024.1,0.42
1025.1,0.39
1026.1,0.47
1027.1,0.53
